home_team,away_team,binary
42,4,0
4,42,1
42,4,1
4,42,0
42,4,1
42,38,1
4,42,0
38,42,0
42,4,1
42,38,1
4,38,1
4,42,1
38,42,0
42,4,1
38,4,0
42,38,1
4,38,0
4,42,0
38,42,0
70,4,0
38,70,1
42,4,1
38,4,1
42,38,1
4,38,1
4,70,1
4,42,0
38,42,0
70,38,0
70,42,0
38,70,1
70,4,0
42,4,1
38,4,0
42,38,1
4,70,1
4,38,0
42,70,1
4,42,0
38,42,0
70,38,0
38,70,1
70,4,0
70,42,0
42,4,0
38,4,0
42,38,1
4,70,1
42,70,1
4,38,1
70,38,1
4,42,0
38,42,0
4,38,1
38,70,1
42,38,1
42,4,0
70,42,0
70,4,0
4,38,1
4,70,1
42,70,1
4,42,0
38,42,0
70,38,0
38,70,1
70,4,0
38,4,0
42,38,1
70,42,0
42,4,0
70,38,1
4,38,1
4,70,1
38,42,0
42,70,1
4,42,1
38,70,0
70,4,0
38,4,0
70,42,0
42,38,1
42,4,0
4,70,1
4,38,1
38,42,0
42,70,1
4,42,1
38,70,1
70,4,0
38,4,0
42,38,1
70,42,0
42,4,0
4,70,1
70,38,0
4,38,0
38,42,0
42,70,1
4,42,1
38,70,1
70,4,0
38,4,0
42,38,1
70,42,0
42,4,1
4,70,1
70,38,1
38,42,0
42,70,1
4,38,1
4,42,0
38,70,0
70,4,0
42,38,1
70,42,0
38,4,0
42,4,0
4,70,1
70,38,1
38,42,0
4,38,1
42,70,1
4,42,1
42,38,1
38,70,1
70,42,0
70,4,0
38,4,0
42,4,1
42,70,1
38,42,0
4,70,1
4,38,1
70,38,0
4,42,0
38,70,0
70,42,0
38,4,0
42,38,1
70,4,0
4,42,0
23,39,1
4,70,1
4,38,1
38,42,0
42,70,0
70,38,1
4,42,0
39,23,1
23,39,1
38,4,0
70,4,0
42,38,0
38,70,0
70,42,0
42,4,0
8,3,0
39,23,1
23,39,1
3,14,1
4,70,0
38,42,1
42,70,1
4,38,1
4,42,1
70,38,0
39,23,0
8,9,0
8,3,1
9,8,1
70,4,0
42,38,0
70,42,0
38,4,0
38,70,0
42,4,1
3,8,0
8,9,1
9,8,0
39,23,1
4,70,1
70,38,0
38,42,1
42,70,1
4,38,0
4,42,0
8,9,0
8,3,0
23,39,1
9,8,0
39,23,1
70,4,0
42,38,1
14,3,0
70,42,0
38,4,0
8,9,0
42,4,0
14,12,1
38,70,0
3,8,0
9,8,1
23,39,1
9,3,1
23,4,0
23,12,1
23,4,0
39,4,0
37,19,1
3,21,0
9,37,1
9,37,1
8,37,1
39,23,1
4,70,1
38,42,1
4,38,1
42,70,1
70,38,0
8,9,0
4,42,1
12,14,1
39,12,0
9,8,1
23,39,0
8,3,1
39,4,0
39,23,0
39,4,0
23,4,0
39,23,0
70,4,0
42,38,1
8,9,1
38,4,0
70,42,1
42,4,1
3,8,0
14,12,0
9,8,1
38,70,1
9,12,1
23,39,1
15,3,1
12,8,0
39,15,1
19,37,0
12,9,0
39,23,1
3,39,0
15,39,0
14,39,1
70,38,0
4,70,1
38,42,0
4,38,1
42,70,1
8,9,0
12,14,1
4,42,0
9,8,1
3,15,0
8,12,1
14,3,1
8,3,1
23,39,1
15,14,0
14,15,1
37,12,0
37,19,1
12,23,0
75,37,0
12,37,0
39,14,1
98,3,0
39,23,1
12,39,0
3,8,0
70,4,0
3,14,1
8,14,1
42,38,1
8,9,0
38,4,0
70,42,0
15,3,0
42,4,0
9,12,0
38,70,0
39,12,0
9,8,1
23,39,0
14,12,0
35,75,0
19,37,0
37,39,0
19,39,0
37,75,1
75,15,1
23,12,1
37,9,0
75,35,1
21,19,1
9,23,1
23,19,1
12,35,1
37,15,0
21,9,1
39,12,1
23,15,1
19,35,1
9,75,1
39,23,1
35,39,0
35,39,0
21,12,1
39,23,1
37,19,1
12,9,0
15,23,0
3,15,1
70,38,0
70,4,1
8,3,1
38,42,0
8,9,0
14,3,0
70,42,0
4,38,1
4,42,1
3,98,1
9,8,0
23,39,0
15,8,1
35,37,0
14,8,0
12,14,0
39,37,1
21,37,1
37,19,1
23,15,1
35,19,0
37,21,0
12,21,0
39,23,1
19,37,0
8,14,1
8,12,1
15,23,0
38,70,0
3,8,1
98,3,1
4,70,0
42,38,0
3,14,0
70,42,0
8,9,0
38,4,0
15,3,1
42,4,1
15,14,0
9,12,0
9,8,1
23,39,1
21,9,1
14,15,0
37,75,1
39,3,1
37,39,0
19,37,0
37,35,0
19,35,0
39,23,0
37,19,1
23,39,0
15,14,1
39,23,0
23,39,0
21,37,1
19,37,0
21,19,1
23,39,1
37,19,1
37,21,0
39,23,1
23,39,1
21,37,1
39,23,1
19,21,0
37,19,1
39,23,0
19,37,0
37,21,1
21,19,1
23,39,0
23,39,0
21,37,0
39,23,1
19,21,0
23,39,0
37,19,0
19,37,0
21,19,1
39,23,1
37,21,0
23,39,0
14,23,0
14,23,1
39,23,1
23,14,1
39,14,1
37,19,1
23,39,0
21,37,1
19,21,1
19,37,1
23,39,0
21,19,1
37,21,0
8,3,0
39,23,1
37,75,1
21,37,1
9,37,1
21,19,1
3,52,1
15,46,1
15,52,1
3,46,1
46,52,1
3,15,1
19,37,1
37,9,1
19,9,0
37,19,0
19,21,1
75,37,0
23,39,1
37,21,1
70,4,0
39,23,1
15,3,1
70,38,0
38,42,0
14,3,0
42,70,1
4,38,0
3,8,1
14,15,1
9,21,1
4,42,1
23,39,0
15,9,0
14,9,1
37,75,1
37,14,0
19,21,0
19,37,0
14,12,1
1,21,1
9,98,1
37,46,1
9,37,1
3,15,1
8,1,1
8,9,1
15,19,1
1,37,1
1,15,1
1,9,1
75,37,1
23,12,1
37,19,0
37,21,0
75,127,1
4,70,1
12,39,1
39,23,0
42,38,1
3,15,0
70,42,0
8,3,1
15,14,1
38,4,0
23,37,0
42,4,1
38,70,1
23,39,1
14,23,0
8,15,0
12,23,0
9,15,0
8,9,0
8,4,0
19,75,1
37,75,0
39,12,1
21,9,0
19,37,1
127,37,0
37,23,0
75,23,0
127,75,0
75,12,0
37,19,0
21,19,1
37,21,0
70,4,0
39,37,1
14,15,0
3,9,0
39,36,1
1,7,1
3,8,1
15,23,0
38,42,1
42,70,1
4,38,1
8,9,1
12,14,0
4,42,0
8,21,0
9,21,1
23,12,0
3,1,0
39,23,0
9,8,0
36,39,0
15,8,1
19,70,1
37,36,0
75,37,0
23,14,1
19,3,1
39,14,0
12,39,0
37,39,0
75,39,0
75,127,1
37,19,0
75,19,0
52,36,0
19,21,0
23,39,0
137,127,0
19,37,0
21,37,0
4,70,1
14,9,1
39,23,0
15,14,0
7,1,0
15,12,1
14,23,1
1,3,1
8,1,1
8,3,1
70,42,0
15,39,0
38,4,0
14,39,0
42,38,1
4,8,1
9,3,1
42,4,0
38,70,0
23,15,0
3,14,0
9,8,0
23,39,1
3,4,0
12,9,0
37,4,0
37,4,0
14,12,0
37,23,1
21,14,1
19,75,1
37,75,1
19,14,0
149,127,0
37,12,1
127,137,0
12,75,0
23,75,1
39,75,1
36,52,0
19,37,0
127,35,0
75,36,1
39,23,1
127,36,0
21,19,1
127,75,1
37,21,0
70,4,1
27,52,0
3,19,0
39,37,1
8,4,0
36,37,0
12,19,1
9,14,1
1,7,1
3,8,1
12,23,1
15,23,0
38,42,1
42,70,1
4,38,0
15,1,0
70,38,0
9,8,0
14,3,1
39,15,1
4,42,0
9,12,0
14,21,1
8,9,0
39,23,0
3,4,0
37,36,1
14,39,1
23,52,1
23,85,1
15,1,1
14,149,1
39,36,1
3,137,1
9,52,1
55,85,1
15,98,1
37,8,1
14,15,1
9,55,1
3,39,0
14,37,1
37,9,0
37,9,1
21,37,0
19,12,0
75,27,0
127,27,0
137,27,0
36,27,1
37,127,1
75,37,0
36,75,1
137,75,0
75,19,1
127,149,0
12,37,0
39,36,1
23,39,1
75,127,1
19,21,0
39,12,1
37,19,1
21,8,1
137,127,1
4,70,1
23,37,0
8,3,1
15,37,0
35,27,1
12,15,0
4,8,1
12,14,0
1,23,1
42,38,1
70,42,0
38,4,0
8,9,0
23,14,1
15,3,1
39,14,1
9,12,1
42,4,1
27,85,1
38,70,0
3,23,0
14,9,1
52,27,0
9,8,1
23,39,1
27,35,0
3,4,0
39,8,0
14,8,0
85,52,0
14,1,0
19,75,1
37,75,1
1,15,1
37,21,0
7,15,1
21,19,1
37,12,1
75,12,0
149,127,0
127,75,1
37,23,0
75,23,0
37,39,1
36,39,0
75,137,1
19,37,0
127,137,0
75,36,0
127,36,0
39,23,0
137,149,0
23,1,0
21,75,0
27,36,0
39,1,0
70,4,0
9,21,1
14,12,0
38,42,0
36,37,0
39,15,0
14,23,1
8,23,0
70,38,1
8,39,0
42,70,1
4,38,0
8,9,0
15,55,1
9,14,1
3,8,1
4,42,0
3,7,1
12,9,1
14,15,0
3,14,1
52,85,1
39,23,0
9,8,0
27,52,0
15,14,1
8,4,0
23,3,1
75,19,0
37,19,1
21,9,1
127,149,1
8,3,0
75,21,1
12,37,0
36,127,1
37,15,1
137,37,1
127,37,0
75,37,0
36,75,1
137,75,0
39,36,1
149,137,0
75,127,0
36,27,1
23,39,0
137,127,0
19,21,0
21,37,1
37,36,1
23,14,1
19,36,0
4,70,0
42,38,1
9,12,0
23,37,1
39,37,1
12,14,0
1,39,1
7,39,0
14,15,0
38,4,0
70,42,0
8,9,1
7,3,1
42,4,0
8,37,1
38,70,0
23,39,1
15,7,1
1,14,1
3,15,0
9,8,1
8,4,0
98,4,0
23,8,1
3,1,0
3,4,0
15,1,1
19,21,0
37,137,1
14,23,0
21,9,0
39,3,1
37,75,1
19,75,1
127,137,1
52,36,0
37,21,0
19,37,0
37,127,1
85,27,0
137,149,1
127,75,1
149,127,0
37,8,1
75,137,1
39,23,1
137,127,1
21,12,1
27,85,1
70,4,1
12,19,1
38,42,0
21,19,1
15,23,0
14,37,0
9,37,1
12,9,0
4,38,0
15,14,1
8,23,0
7,1,0
70,38,0
8,55,0
3,70,1
42,70,0
9,8,0
14,3,1
15,39,1
4,42,0
8,9,1
3,8,0
7,15,1
52,27,1
14,12,0
9,21,1
1,15,0
3,7,0
39,23,0
14,9,1
3,4,0
8,4,0
8,98,1
12,14,1
15,3,1
15,1,0
75,19,0
15,1,1
9,8,1
37,19,1
19,21,0
36,37,1
137,37,0
127,37,0
137,149,1
127,149,1
127,137,0
37,23,0
75,127,0
96,14,1
96,33,0
137,75,1
96,75,0
149,137,0
75,37,0
12,21,1
137,127,0
19,12,0
37,12,1
23,39,1
21,37,1
14,15,0
4,70,1
42,38,1
23,14,1
39,14,1
9,8,0
15,23,0
38,4,0
15,9,1
38,70,0
12,14,1
70,42,0
3,39,1
9,14,1
1,7,1
3,7,1
23,15,1
42,4,1
1,3,1
14,39,0
52,85,1
15,12,0
55,8,1
23,39,0
8,9,1
3,4,0
8,4,0
1,4,1
8,3,1
19,42,0
12,42,0
9,42,0
37,9,1
19,9,0
37,75,1
37,21,1
19,75,1
21,19,0
12,37,1
85,46,0
37,127,1
127,75,0
37,137,1
137,149,1
137,127,0
127,149,1
75,127,1
85,52,0
75,137,1
127,137,1
19,37,1
39,23,1
21,75,1
70,4,0
12,75,1
38,42,0
14,23,0
9,19,0
4,38,1
15,7,1
70,38,1
15,14,1
42,70,1
7,3,1
12,15,0
3,14,0
4,42,1
9,15,0
3,8,0
14,39,0
9,8,0
14,12,0
12,4,0
8,55,0
39,15,0
23,4,0
8,9,1
3,42,0
8,3,0
52,46,1
39,23,1
19,75,1
8,7,1
39,9,1
37,14,1
75,21,0
19,14,1
21,37,1
15,1,0
127,137,0
37,19,1
127,37,0
137,37,0
137,75,1
127,75,1
149,127,1
137,127,1
149,137,0
21,12,1
149,127,1
23,39,0
19,21,1
8,37,0
75,37,0
12,39,1
37,36,0
85,52,1
4,70,1
42,38,0
36,137,1
12,19,0
14,9,1
23,37,1
38,4,0
7,1,0
3,8,0
46,85,1
15,3,1
70,42,0
15,23,1
3,12,1
42,4,1
9,8,1
14,15,0
39,14,1
7,15,0
1,15,0
38,70,1
9,12,0
1,55,0
23,39,0
8,9,1
52,85,1
3,4,1
23,42,1
8,4,0
15,42,1
12,23,0
14,42,0
21,19,1
137,127,0
7,8,1
127,149,1
21,9,0
23,14,1
75,127,1
37,12,0
19,12,0
37,21,1
137,149,1
37,75,1
137,36,0
37,127,1
37,137,1
75,137,1
36,52,0
149,52,0
127,149,1
137,149,1
127,137,1
75,19,0
23,12,1
42,70,1
85,27,1
12,21,1
137,127,1
19,37,1
39,23,0
8,36,1
21,75,0
70,4,0
85,46,1
38,42,0
39,37,1
4,38,1
3,9,0
46,52,0
14,23,0
70,38,1
8,14,1
4,1,1
55,1,0
15,39,1
15,14,1
12,14,1
23,15,1
8,9,0
14,3,0
46,85,0
46,85,0
4,42,1
3,15,0
9,8,1
23,39,1
8,3,1
3,42,0
39,15,0
9,55,0
37,75,1
127,137,1
21,8,0
19,127,1
85,3,0
75,37,0
52,3,1
37,8,1
19,75,1
21,37,1
14,39,1
85,52,1
46,52,0
149,137,0
75,12,0
37,19,0
85,46,1
36,37,1
137,37,0
127,37,0
37,23,0
137,149,1
149,127,1
127,75,0
137,149,1
127,149,0
75,21,1
137,127,1
149,137,1
70,42,0
12,37,1
19,21,0
37,149,1
39,23,0
36,137,1
52,36,0
4,70,1
23,14,1
42,38,0
39,12,1
27,85,0
14,37,1
38,4,0
15,39,1
12,9,0
4,23,1
38,70,1
8,23,0
15,12,1
9,14,0
7,39,1
8,15,0
3,23,0
9,39,0
14,8,0
12,3,0
3,8,1
42,4,1
1,7,1
14,15,0
8,9,0
3,1,1
39,23,0
9,8,0
15,4,0
14,4,0
1,85,1
3,38,0
137,127,1
36,8,0
52,85,1
85,46,1
23,8,1
21,19,0
37,127,1
137,149,1
37,21,0
149,37,0
37,39,1
137,37,0
37,75,1
127,149,1
127,137,1
75,149,1
75,127,1
149,127,0
127,137,0
75,19,0
149,137,0
149,127,0
42,70,0
39,14,1
19,37,0
23,39,0
38,42,1
21,75,1
70,4,0
12,8,1
39,15,0
14,52,0
70,38,0
12,19,0
4,38,0
14,12,0
8,21,0
42,23,0
12,36,1
15,14,1
4,3,1
9,23,0
12,39,1
8,3,0
15,23,0
55,8,0
3,14,0
98,12,0
9,8,1
1,7,1
7,1,0
85,39,0
15,46,1
14,23,0
9,55,1
4,42,1
23,39,1
98,3,0
23,85,1
39,85,1
8,9,0
39,4,1
9,3,0
21,36,1
37,36,1
23,3,1
8,12,0
9,14,0
23,39,1
12,37,1
15,1,0
15,1,1
15,23,1
23,12,0
149,137,1
21,37,0
149,127,0
37,19,0
75,21,1
127,75,0
127,39,0
137,75,0
149,75,1
19,75,1
137,149,0
36,12,0
75,37,1
19,21,1
37,137,1
38,4,0
21,12,0
39,23,1
137,36,0
36,52,0
70,42,1
14,9,0
23,14,1
4,15,1
42,38,1
15,39,1
55,39,0
46,52,0
85,52,0
46,85,0
1,3,1
12,14,1
4,70,1
15,3,1
9,12,0
3,12,0
23,15,0
38,70,1
9,8,1
42,4,1
8,3,0
14,39,1
8,12,0
7,1,0
14,55,1
12,55,1
23,36,1
8,9,0
12,1,0
39,23,1
9,4,0
3,39,1
8,14,0
137,149,1
137,127,0
37,75,0
85,46,1
37,21,1
85,52,1
127,149,0
21,19,1
46,52,0
19,12,0
37,12,1
137,37,0
127,37,0
127,75,0
12,75,1
98,12,0
127,149,0
149,137,0
127,137,0
12,52,1
37,52,1
75,19,0
149,137,0
12,127,1
12,36,1
36,137,0
149,127,0
19,37,0
38,42,0
23,39,0
21,75,1
36,23,1
12,137,1
70,4,0
12,85,1
14,3,1
9,21,1
52,36,1
14,19,1
3,37,1
39,14,1
42,70,1
8,37,1
15,39,0
4,12,1
55,9,0
3,9,0
1,23,0
7,23,0
4,38,0
8,36,0
1,12,0
7,12,0
3,8,1
70,38,1
39,12,1
55,14,1
9,8,1
4,42,0
23,39,0
14,15,0
8,9,0
39,55,0
14,1,0
23,4,1
8,4,1
98,55,0
15,23,0
52,46,1
85,46,1
52,85,1
14,8,0
127,137,0
39,15,0
21,37,1
149,137,0
19,14,0
37,14,1
75,21,0
149,127,1
37,19,1
37,19,0
127,75,0
137,149,1
127,149,1
137,127,1
137,36,0
19,75,0
36,12,0
19,21,0
75,37,0
12,98,1
39,23,1
21,36,1
52,39,0
42,12,1
55,12,1
38,4,1
15,14,1
70,42,0
9,19,0
14,23,0
12,15,0
4,70,1
4,39,1
42,38,0
55,39,0
3,23,0
12,9,0
8,3,1
9,14,1
38,70,1
12,3,1
98,12,0
8,9,1
14,39,0
42,4,1
8,14,0
12,8,1
15,39,1
9,8,1
14,12,0
23,42,0
19,4,0
12,21,1
37,4,0
14,55,0
75,4,0
3,55,0
39,23,0
19,15,0
149,127,0
52,8,1
21,19,1
37,75,1
37,127,1
36,37,1
137,12,0
52,37,0
75,12,0
36,52,0
127,52,1
137,149,1
75,127,0
12,127,1
149,137,0
137,127,0
75,19,0
149,127,0
127,137,0
85,36,0
36,21,1
23,14,1
137,127,1
19,37,1
37,21,0
23,137,1
23,39,0
3,14,1
19,55,1
36,137,1
21,75,1
70,4,0
12,19,1
38,42,1
9,3,0
14,15,0
55,19,0
42,70,0
39,14,1
4,38,1
12,37,1
9,98,1
1,7,0
3,15,0
7,39,1
98,39,0
76,46,0
3,8,1
7,1,1
12,14,0
46,76,1
9,8,1
98,8,0
14,36,0
70,38,1
12,98,1
12,39,0
3,85,1
39,46,1
8,9,0
4,42,0
12,7,0
14,7,1
14,8,0
12,4,0
15,8,1
137,149,1
9,42,0
14,4,1
36,55,1
3,4,0
19,127,1
12,14,0
3,8,1
15,19,1
12,14,0
37,137,0
149,127,0
3,15,0
39,14,1
37,75,1
39,37,1
19,75,1
39,15,0
21,37,0
127,39,0
75,37,0
127,137,0
127,75,0
75,21,1
127,149,1
137,149,0
19,37,1
127,137,0
75,149,1
12,36,1
55,14,1
19,21,0
137,36,1
52,12,0
37,19,0
70,42,0
38,4,1
21,9,0
36,19,0
14,7,1
4,19,1
42,38,1
55,36,1
4,70,1
15,14,1
15,3,1
42,39,1
3,36,1
8,12,0
7,14,0
9,39,1
38,70,1
3,39,0
8,9,1
55,39,0
15,12,1
98,12,1
14,39,1
42,4,0
9,8,1
14,9,1
15,4,0
8,14,0
8,3,0
39,55,0
52,137,1
3,38,1
12,55,0
85,137,1
52,4,0
36,8,0
37,19,1
36,14,0
39,15,0
37,75,1
52,15,0
37,149,1
19,37,1
21,75,1
21,19,1
19,12,0
21,12,0
127,12,0
75,15,0
137,127,0
75,127,1
127,149,0
36,39,1
45,12,1
75,19,0
21,75,1
19,37,0
75,137,0
39,12,1
37,21,1
85,12,0
21,19,1
14,15,1
12,15,1
12,45,1
3,7,1
15,14,0
8,9,1
39,14,1
9,98,0
13,14,1
12,39,0
15,52,1
9,8,1
14,13,0
39,13,1
15,12,1
39,52,1
85,45,0
12,52,1
127,137,1
149,127,1
75,37,0
12,75,1
137,149,1
127,149,0
137,127,0
45,12,0
37,75,1
39,12,0
37,21,0
149,137,1
21,37,0
12,85,1
12,21,1
15,39,0
13,39,0
7,1,0
12,14,1
1,7,1
12,39,1
14,12,1
52,12,0
12,13,1
37,21,0
13,45,1
75,12,0
37,12,1
52,45,1
21,37,1
12,21,0
14,39,0
12,45,1
1,14,1
7,14,1
13,12,0
12,14,0
3,14,0
1,3,1
15,13,1
12,1,0
15,1,1
39,12,0
45,13,0
39,13,0
21,37,0
85,12,0
137,127,1
12,52,1
127,137,0
45,52,1
13,45,1
12,37,0
37,21,1
52,13,0
14,12,0
12,13,1
39,14,1
14,37,1
45,12,0
14,13,1
13,45,1
14,39,0
85,39,0
52,45,0
37,14,1
21,37,1
37,39,0
75,39,0
75,37,0
39,37,0
13,45,1
3,8,1
7,1,0
14,3,1
1,7,1
98,8,1
14,7,1
4,3,0
37,21,1
137,149,0
21,37,0
14,4,1
39,23,1
39,23,1
21,19,1
37,75,1
149,127,0
19,21,0
70,4,0
127,149,0
75,37,0
39,52,1
37,21,1
4,38,0
37,19,1
14,15,0
14,37,1
23,3,1
8,3,1
4,8,1
42,8,0
8,98,1
98,9,0
42,4,1
23,39,1
7,3,1
4,42,0
3,23,1
4,14,1
9,8,1
42,14,1
3,4,1
8,9,0
19,21,1
7,55,1
21,37,1
1,55,0
19,75,1
37,14,1
21,19,1
74,21,0
98,19,1
67,80,1
75,21,0
75,37,0
19,37,0
70,4,0
55,4,0
39,23,1
37,21,0
85,52,0
67,85,1
67,52,1
38,42,1
21,19,1
98,39,0
14,23,1
4,38,1
4,9,1
42,70,0
15,23,1
7,14,0
7,1,1
55,1,1
3,7,1
9,8,1
4,42,0
70,38,1
15,14,1
4,3,1
8,9,0
39,23,1
55,7,0
15,39,1
8,42,1
14,4,1
98,42,0
67,52,0
7,4,0
3,9,1
3,8,1
14,3,0
19,36,1
85,67,1
21,37,0
75,19,0
37,21,1
19,37,0
85,52,0
36,52,0
74,19,0
39,85,1
39,67,1
37,75,1
75,19,0
23,39,1
37,36,1
75,36,0
8,4,0
9,14,1
19,21,0
137,149,1
70,42,1
21,75,1
149,137,0
37,19,1
149,127,0
52,39,0
38,4,0
52,36,0
14,8,1
4,70,0
23,15,1
42,38,0
4,37,1
7,3,0
38,70,1
8,9,0
1,7,1
85,36,0
3,15,0
42,4,0
23,14,1
9,8,0
39,14,1
46,27,0
42,8,1
23,39,1
52,67,0
15,4,0
14,42,1
67,39,0
3,42,1
7,55,1
19,9,0
1,55,1
27,23,0
8,3,1
39,52,1
9,37,1
21,19,0
75,21,0
52,85,1
14,1,0
21,36,1
74,75,1
37,23,1
37,23,1
19,75,1
75,37,0
19,37,0
36,39,0
21,4,0
137,149,0
127,149,0
137,127,0
39,23,1
70,4,0
36,52,0
37,21,1
3,8,0
36,75,1
38,42,0
52,39,0
85,39,1
4,38,1
23,37,1
42,70,1
8,9,0
27,46,1
4,14,1
55,14,0
1,8,0
15,7,1
70,38,0
9,8,0
23,27,1
7,1,0
1,15,0
14,23,0
4,42,0
9,3,1
55,8,0
42,3,1
39,23,1
52,36,1
37,4,1
46,27,0
7,38,1
19,4,0
8,38,1
3,4,0
55,7,1
15,23,1
14,38,1
37,55,1
3,14,1
21,9,0
39,15,0
55,1,0
75,9,0
3,1,0
36,21,0
37,39,0
14,98,1
75,19,0
39,36,1
76,124,1
21,74,1
55,75,1
21,75,0
19,21,0
98,14,0
4,55,0
70,42,0
8,14,1
36,85,1
37,75,1
37,19,0
75,55,0
38,4,0
23,39,0
21,37,1
149,127,1
52,67,0
137,127,1
149,137,1
39,85,1
9,8,0
36,67,1
42,38,1
55,37,0
4,70,1
85,67,0
39,37,1
38,8,1
67,52,0
4,15,1
9,21,0
13,40,1
15,8,1
38,70,0
23,14,0
23,15,1
1,7,1
7,1,0
42,4,0
8,9,1
42,14,1
67,36,0
8,55,1
23,39,1
36,52,0
7,4,0
8,4,0
7,42,0
3,42,0
67,85,1
8,3,1
36,39,0
37,9,1
75,9,1
21,19,1
21,19,0
15,37,0
4,1,0
1,37,0
19,98,0
75,21,0
19,75,1
75,37,0
39,67,1
19,37,0
70,4,0
52,67,1
37,21,1
14,9,1
38,42,0
76,27,1
39,23,1
85,36,0
3,8,0
42,70,1
23,21,1
8,9,1
85,39,0
14,37,1
4,38,1
12,14,1
55,19,0
27,76,1
3,9,1
42,23,0
1,14,1
70,38,0
7,15,0
4,42,0
9,8,1
14,12,0
70,3,0
42,21,1
38,7,1
42,3,1
38,14,1
4,7,1
8,42,0
23,42,1
39,36,1
19,55,0
15,3,1
9,19,0
8,1,0
37,27,1
21,23,0
12,27,0
7,8,0
37,1,0
74,37,1
19,74,1
75,19,0
37,75,1
19,21,1
23,12,0
21,75,1
37,19,0
4,3,0
70,42,0
8,23,0
14,3,0
55,12,1
38,4,0
21,37,1
9,75,0
3,23,0
98,75,1
15,37,0
4,70,1
42,38,0
27,37,1
39,75,1
27,12,0
9,8,0
14,15,0
4,23,0
12,98,1
8,15,1
38,70,1
23,8,1
3,37,0
42,4,0
8,9,1
3,7,1
98,12,0
12,55,1
23,55,1
9,37,0
15,4,0
36,85,0
8,3,0
35,39,0
23,4,0
21,42,0
52,36,1
35,39,1
14,4,0
37,42,1
1,55,1
27,14,0
27,1,0
19,75,0
21,37,0
75,37,1
36,39,0
75,39,0
37,21,1
14,23,0
19,75,1
14,39,0
21,9,1
75,37,0
70,4,0
75,21,1
3,12,1
19,37,0
38,42,0
23,3,0
8,9,1
21,19,0
37,15,0
42,70,0
12,14,1
3,70,1
4,38,1
55,3,0
7,23,0
4,8,1
3,8,0
15,14,1
1,12,0
9,21,0
1,8,1
12,23,0
9,14,0
55,23,1
70,38,0
4,42,0
9,8,0
39,23,0
42,37,0
3,38,1
15,39,0
75,8,0
14,27,0
37,8,0
37,3,1
21,37,0
14,21,0
52,85,1
37,39,0
75,37,0
21,74,1
19,74,1
37,75,1
19,12,0
75,19,0
85,36,0
19,21,0
98,3,0
8,75,0
23,7,1
19,9,1
70,42,0
85,39,0
21,75,1
55,3,0
8,37,1
38,4,0
23,39,0
85,52,0
37,19,0
9,8,1
55,98,1
46,76,1
42,38,0
1,37,0
4,70,1
3,14,0
39,37,0
12,19,1
14,8,0
4,39,0
3,55,1
67,36,1
7,23,0
3,98,1
1,27,1
98,55,0
76,46,0
8,7,0
27,1,1
27,1,0
38,70,0
42,4,0
8,9,1
23,39,0
3,15,0
14,12,0
42,19,1
23,38,1
19,42,0
37,9,1
39,4,1
75,42,0
23,19,1
8,3,0
14,9,1
21,19,0
37,75,1
37,19,1
75,21,0
23,42,1
8,4,0
12,27,1
14,15,1
8,15,0
12,39,0
14,4,0
12,27,1
14,15,1
14,23,0
23,12,0
12,39,1
74,19,1
36,85,0
75,37,0
37,74,1
19,75,1
35,37,1
21,14,0
39,52,1
19,37,0
8,12,1
35,39,0
70,4,0
39,14,1
37,21,1
12,3,0
38,42,0
8,9,1
21,19,0
37,23,1
42,70,0
55,19,1
4,38,1
3,8,0
39,23,1
4,12,1
42,39,0
7,12,0
15,8,1
9,21,0
1,3,0
12,15,0
4,42,1
3,37,1
9,8,1
70,38,0
23,39,0
55,9,1
14,23,0
42,7,1
19,39,0
37,39,0
21,39,0
3,4,1
1,4,0
23,42,0
75,39,0
9,14,1
7,4,1
19,55,0
12,55,1
39,42,1
52,36,0
19,52,0
37,52,1
21,75,1
14,1,0
85,36,0
37,35,0
74,21,0
75,19,0
35,12,1
37,75,1
75,36,0
19,21,0
14,39,0
39,35,0
37,19,0
52,8,1
21,4,0
70,42,1
52,85,0
14,3,0
21,37,0
39,23,1
9,8,0
38,4,1
35,3,0
4,70,1
9,19,1
42,38,1
39,37,1
12,19,1
7,37,0
38,23,0
39,15,1
55,1,0
4,1,1
15,12,1
27,7,1
8,3,1
15,3,1
27,39,1
8,14,0
12,9,0
3,23,1
7,27,1
8,9,0
38,70,0
42,4,0
42,23,0
9,55,0
37,4,0
75,4,0
35,21,1
12,4,0
19,36,0
8,39,1
7,1,1
7,39,0
75,37,0
19,12,0
52,37,0
21,19,0
52,19,1
75,74,1
37,12,0
21,35,0
39,36,1
127,149,0
35,149,1
35,96,1
127,149,0
35,96,1
149,159,0
19,75,0
36,85,0
85,52,1
12,35,0
14,9,0
75,21,0
19,37,1
35,39,0
23,98,1
55,21,1
70,4,0
3,39,0
23,39,0
8,9,0
38,42,0
3,35,1
37,21,0
36,19,1
21,9,0
36,75,1
42,70,1
3,8,1
14,15,0
4,38,1
27,36,0
12,14,0
55,12,1
4,21,1
15,23,1
12,8,1
7,70,0
1,9,1
161,23,0
23,12,0
1,14,0
9,98,1
8,1,0
9,12,0
4,42,1
70,38,0
23,14,1
15,70,1
9,8,0
70,7,1
23,37,1
4,55,1
42,1,1
21,4,0
55,4,0
36,27,0
14,42,0
12,42,0
19,85,0
23,9,1
8,52,1
21,85,0
7,15,1
1,42,1
35,52,0
3,74,1
8,74,1
19,39,1
46,52,0
37,39,0
75,21,1
19,37,0
21,19,1
75,37,0
39,85,1
35,36,1
21,37,0
75,36,0
74,19,0
74,21,0
21,19,0
85,35,0
35,75,1
75,35,0
75,19,0
74,3,0
74,8,0
9,98,1
85,39,0
39,35,0
19,21,0
37,75,1
9,23,0
85,36,0
98,23,0
21,55,0
70,42,0
39,3,1
21,75,1
37,19,1
38,4,0
36,35,1
8,3,0
85,19,1
36,75,1
52,46,1
4,70,0
42,14,1
39,19,1
42,38,0
9,8,1
12,37,1
36,35,0
14,1,0
4,3,1
70,15,0
27,8,0
12,39,1
15,7,1
3,85,0
76,38,0
70,15,1
161,21,1
38,76,1
8,12,0
3,1,0
12,1,1
23,15,1
8,9,0
1,7,1
3,14,0
38,70,0
42,4,0
9,27,0
4,7,1
42,39,0
37,14,1
36,55,0
23,55,1
35,4,0
21,36,1
14,8,0
19,9,0
36,42,0
4,35,0
39,38,0
23,35,0
37,39,1
23,4,0
3,42,1
12,70,0
19,75,1
37,38,0
4,35,0
39,38,0
3,70,1
37,35,1
37,12,1
3,12,1
21,19,0
75,37,0
75,21,0
19,37,0
36,39,0
21,12,0
8,9,0
35,39,1
3,46,1
70,4,0
23,3,0
55,36,0
9,21,1
1,70,1
38,42,0
4,35,1
8,27,0
3,12,0
52,39,0
37,21,0
9,14,1
52,27,1
42,70,0
3,15,0
12,23,0
39,8,1
4,38,0
46,3,0
27,85,0
12,85,1
15,1,0
3,8,0
4,42,1
9,8,0
70,38,1
27,52,1
4,15,0
42,12,1
27,9,0
85,9,1
14,7,1
12,36,0
19,23,0
37,7,1
8,23,0
9,42,0
7,42,1
23,8,1
19,98,1
21,37,0
36,76,1
75,19,0
39,37,1
36,1,0
37,75,1
36,52,0
23,19,1
39,35,0
70,42,0
21,75,1
9,8,1
14,12,0
85,3,1
1,36,1
38,4,0
37,19,1
12,9,1
39,14,1
4,37,0
55,37,1
9,19,1
39,12,1
3,7,1
4,70,1
1,23,1
76,36,0
15,39,0
46,21,0
85,21,1
3,23,1
3,1,1
15,14,1
8,3,1
1,15,1
23,3,0
8,14,1
9,85,1
38,70,1
42,4,0
8,9,1
12,7,1
42,36,0
12,55,0
1,4,1
37,55,1
14,9,1
35,36,1
85,8,1
39,4,1
21,19,1
23,42,1
39,42,0
27,42,1
19,74,1
75,37,0
19,23,0
36,85,1
21,46,1
74,12,0
21,75,1
19,75,1
23,35,1
19,37,1
75,3,0
55,38,0
36,3,0
8,9,0
70,4,0
14,3,1
98,4,0
37,8,1
38,42,1
37,21,1
4,1,1
70,12,0
23,1,1
8,39,1
37,3,1
55,19,1
42,70,1
124,76,0
39,36,1
8,14,0
46,12,0
39,23,1
85,12,1
4,38,1
85,27,1
76,124,1
15,23,0
3,85,1
12,8,1
3,8,0
7,98,1
9,8,1
1,3,1
70,38,0
4,42,1
38,1,0
15,70,1
9,39,0
46,70,1
42,55,1
55,42,0
12,70,1
27,52,0
1,38,0
14,8,1
36,35,1
7,4,0
15,4,0
23,4,1
39,38,1
37,14,1
19,27,0
39,23,0
75,85,0
21,37,0
35,27,1
75,19,1
35,19,1
37,75,1
19,35,0
35,23,0
19,21,0
12,21,1
4,98,1
3,75,1
8,37,0
70,42,0
23,39,1
98,7,1
36,12,0
52,27,1
38,4,0
21,75,1
76,15,0
70,46,1
8,3,1
12,46,1
39,9,0
37,19,1
4,7,1
85,75,1
14,37,1
27,19,1
15,76,1
161,19,0
36,21,1
42,38,1
85,3,1
9,8,0
14,37,1
27,35,0
4,70,0
3,1,0
85,3,1
8,85,1
8,9,1
4,23,1
55,23,0
3,36,0
98,35,0
38,70,1
42,4,1
37,35,0
39,27,1
15,3,1
23,85,1
4,14,1
9,70,1
8,15,0
19,9,1
27,76,1
7,8,0
36,8,1
4,39,0
12,15,0
85,39,0
12,14,1
85,4,0
15,14,1
21,19,1
75,37,0
19,37,0
23,39,0
21,161,1
19,161,1
74,19,0
55,74,1
19,75,1
74,55,0
36,39,0
75,21,0
19,37,1
21,9,1
85,36,1
4,3,0
36,70,0
8,9,1
76,23,0
70,4,0
38,42,0
12,3,0
39,23,1
37,21,1
1,52,1
37,19,0
85,7,1
39,38,1
42,70,1
23,15,0
3,39,0
9,14,1
4,38,1
85,23,0
76,27,0
52,1,1
70,36,1
8,1,0
15,27,1
161,21,0
27,21,0
7,85,1
12,14,1
1,3,0
85,7,1
3,4,1
9,8,0
38,39,0
27,15,0
14,9,0
70,38,0
4,42,0
9,3,1
37,39,1
42,23,1
19,36,0
39,21,1
36,46,1
35,37,0
1,70,0
36,52,0
21,75,0
19,42,1
14,4,0
23,15,0
55,42,1
1,42,0
75,19,1
21,67,1
37,75,0
37,19,0
36,19,1
9,98,0
19,21,0
36,27,0
35,39,0
23,55,0
12,27,1
85,3,1
21,37,0
27,52,0
70,42,1
38,4,0
55,23,1
35,15,1
46,36,1
9,8,0
3,85,1
39,23,1
67,21,1
9,98,0
70,1,0
37,12,1
14,19,0
42,19,1
15,35,0
3,14,0
4,70,1
42,38,1
124,46,1
1,8,0
98,21,0
21,98,0
15,23,1
21,98,1
3,8,0
1,55,1
8,9,0
55,1,0
42,4,1
9,23,0
14,8,1
38,70,0
3,39,0
9,37,0
14,7,0
23,39,1
8,7,0
36,55,1
14,15,0
12,42,0
19,55,0
37,35,0
7,4,0
39,3,1
55,4,0
9,67,1
35,37,1
4,7,0
75,12,0
21,35,0
1,39,1
39,21,1
1,35,1
37,21,1
19,14,1
75,37,1
19,75,1
74,75,0
75,21,1
19,37,0
27,36,0
8,9,1
70,4,0
38,42,1
98,3,0
14,39,0
37,36,0
23,35,1
21,19,1
70,14,1
21,38,1
4,8,0
42,75,1
67,9,0
55,36,1
12,37,0
15,75,1
98,19,0
3,19,1
14,70,1
7,1,1
4,38,1
42,70,1
85,35,0
46,21,1
76,21,0
8,3,1
15,21,1
46,38,1
9,4,0
27,85,0
7,27,1
76,9,0
12,15,0
76,14,0
70,9,1
38,46,1
3,23,0
55,8,0
70,38,0
8,36,0
9,70,0
4,42,0
67,14,0
36,15,0
27,7,0
12,124,1
15,38,1
52,27,1
14,67,1
4,39,1
55,1,1
37,124,1
70,67,1
42,1,0
8,76,1
85,27,1
12,4,0
36,85,0
35,23,0
37,4,0
36,42,0
35,46,1
14,12,0
75,42,0
19,98,1
35,38,1
21,75,1
23,39,0
85,76,1
7,52,1
37,15,0
21,37,1
75,15,0
39,15,1
35,21,1
74,21,0
75,19,1
37,75,0
39,23,1
19,3,0
85,8,1
19,21,0
37,12,0
75,36,1
70,42,1
38,4,0
46,35,0
12,23,1
42,36,0
21,35,0
9,14,0
4,23,0
27,52,1
36,75,1
8,85,1
21,46,0
1,55,1
38,35,1
37,19,0
15,36,1
3,98,1
124,37,0
42,15,1
4,70,1
55,1,0
76,8,0
124,12,0
14,9,1
76,85,0
52,7,1
67,70,0
42,38,1
38,21,1
15,42,1
1,4,0
8,85,0
4,36,0
4,12,1
3,15,0
9,12,0
38,70,0
80,35,0
42,4,0
76,75,1
9,8,1
3,8,0
14,35,0
23,35,0
36,39,0
55,12,0
70,12,0
75,76,0
42,9,0
36,37,0
23,55,1
8,35,0
8,55,0
21,27,0
12,52,1
75,37,1
39,14,1
35,3,0
7,19,1
15,85,1
15,23,1
42,7,0
21,7,0
21,19,0
75,4,0
19,4,0
21,4,0
7,52,1
36,4,0
12,14,1
39,7,0
1,14,1
85,7,0
15,35,0
85,39,0
4,3,1
12,1,1
39,35,0
12,35,1
4,7,1
7,35,1
4,12,1
19,75,0
9,39,0
23,9,1
75,21,1
19,37,0
39,21,1
39,3,1
75,23,0
36,98,1
37,23,1
27,12,0
46,75,1
35,27,0
8,14,1
3,36,1
70,4,0
38,42,0
55,1,0
21,76,1
39,23,1
15,35,1
52,14,1
37,21,1
8,3,1
85,19,1
7,37,0
4,38,1
55,27,1
42,70,1
52,36,1
12,19,1
15,52,1
98,3,0
9,21,1
124,52,0
76,36,0
76,52,0
1,55,1
27,1,0
27,55,1
46,52,0
98,8,0
124,15,0
3,52,0
12,85,1
15,7,0
12,67,1
70,38,0
4,42,0
8,9,1
98,36,0
52,124,1
75,46,0
39,9,1
42,35,0
76,42,0
36,8,1
21,39,0
4,1,1
14,52,1
23,4,0
1,27,1
75,19,0
37,7,0
3,35,0
19,7,0
35,23,1
37,85,0
21,37,0
52,15,0
19,85,0
35,46,1
37,75,1
21,74,1
35,75,1
19,37,1
23,39,0
75,35,0
36,3,0
23,75,1
19,21,0
12,3,1
35,14,0
21,9,1
46,23,1
8,36,0
85,35,0
23,35,1
70,42,1
38,4,0
21,75,1
3,8,0
36,52,0
46,35,0
15,124,1
23,46,0
37,19,1
14,124,1
85,37,1
7,19,1
14,15,0
8,98,1
4,70,1
52,12,1
42,38,1
85,7,1
9,35,1
4,35,0
67,12,0
7,85,0
3,98,1
15,14,1
76,8,0
76,14,1
124,14,1
76,37,0
42,4,0
1,37,1
38,70,1
8,12,0
4,1,1
85,15,1
9,8,0
14,12,0
15,85,1
36,27,1
35,8,1
23,52,0
36,9,0
37,1,0
39,35,1
1,4,0
38,12,0
35,39,1
55,36,0
23,124,1
4,37,1
9,42,0
12,4,1
75,21,0
15,35,0
52,9,0
4,35,1
19,36,0
35,23,1
75,8,0
21,19,1
37,21,1
74,19,0
37,35,0
19,75,1
9,98,1
76,70,0
75,37,0
19,37,0
14,23,1
3,12,0
8,75,1
37,19,1
27,85,0
14,46,1
23,12,0
21,42,0
3,1,0
70,27,1
38,15,0
85,9,1
7,52,1
36,55,1
3,19,0
52,4,0
42,23,1
55,23,0
21,98,1
124,12,0
52,14,1
55,21,0
124,42,0
4,85,0
46,7,1
1,8,0
27,70,0
4,52,0
3,39,0
8,1,1
4,3,1
76,46,0
46,124,1
12,38,0
9,98,1
1,14,1
46,52,0
7,14,0
42,12,0
124,23,0
36,98,1
85,98,1
76,23,0
161,23,0
3,52,1
27,36,0
70,4,0
38,42,0
7,46,0
42,70,0
4,38,1
9,36,1
4,42,1
12,23,1
70,38,0
14,52,0
42,124,1
12,124,1
37,75,1
15,85,0
21,55,1
37,19,1
55,39,0
85,36,1
21,39,1
19,37,0
21,37,0
75,1,1
19,74,1
75,74,1
35,37,0
75,19,0
37,76,1
36,19,1
36,9,1
21,75,1
70,35,0
19,3,0
23,12,0
55,42,0
19,21,1
85,12,0
37,39,1
27,14,1
98,36,0
52,7,1
46,14,1
55,21,0
35,27,1
1,75,1
37,3,1
12,42,1
39,21,1
9,85,0
35,70,1
3,37,1
14,7,0
15,38,1
23,42,1
39,55,1
9,4,0
36,85,1
52,46,0
27,35,0
98,85,0
4,7,1
161,98,0
4,9,0
76,9,0
1,12,1
1,15,0
8,4,0
3,85,0
12,52,0
70,42,0
38,4,0
4,70,1
42,38,0
14,1,0
42,4,0
38,70,1
3,52,1
39,36,1
14,3,1
85,35,0
85,35,0
36,55,1
12,55,1
7,15,0
39,37,0
21,36,0
4,52,1
75,21,0
15,37,1
8,35,0
85,12,0
76,37,0
76,15,0
4,12,0
12,15,0
19,75,1
37,21,0
74,21,0
74,19,1
75,37,0
36,21,1
12,39,1
21,19,0
55,36,0
39,23,0
23,3,1
19,39,0
161,46,0
52,75,1
21,7,0
55,37,0
36,67,1
12,27,0
14,15,0
1,46,1
37,55,1
23,15,0
3,19,1
42,21,1
1,70,1
38,52,0
8,3,0
85,19,0
124,35,0
14,39,0
46,12,0
8,21,1
9,52,1
15,55,1
46,124,0
27,67,1
46,14,0
161,14,0
8,42,1
124,70,0
161,4,0
67,12,0
8,7,1
15,1,0
9,98,1
1,3,0
23,39,0
46,85,0
4,46,1
70,124,1
7,42,1
14,161,1
39,3,0
27,12,0
85,35,0
14,36,0
124,1,0
55,15,0
67,36,0
4,161,1
7,21,1
14,46,1
70,4,0
38,42,0
42,70,0
85,39,1
4,38,0
98,8,0
37,75,1
4,42,1
70,38,1
21,8,0
75,38,0
19,74,1
37,23,1
55,23,0
35,1,1
35,124,1
21,42,1
19,85,0
37,15,0
12,67,1
35,42,1
46,161,1
21,37,0
19,12,0
37,12,1
21,12,0
37,19,1
75,19,0
23,37,1
21,75,0
19,3,0
75,52,0
36,27,1
35,70,1
39,85,1
19,21,0
14,27,1
3,39,0
15,37,1
23,55,1
36,12,0
70,35,0
42,7,1
14,4,0
38,75,1
39,19,1
1,35,0
8,98,1
4,14,0
3,85,1
42,8,1
67,27,1
161,39,0
85,46,0
12,36,0
9,98,1
15,23,0
7,8,0
52,38,1
1,124,1
46,4,0
9,42,1
85,3,1
27,36,1
1,39,1
46,9,0
70,1,0
76,19,1
46,15,1
85,35,0
39,12,0
7,124,1
52,3,1
46,1,0
14,37,0
4,12,0
39,52,0
15,8,0
23,161,1
39,161,1
124,7,0
36,14,0
8,15,1
12,4,0
52,39,0
39,52,1
8,74,1
42,70,1
38,4,0
8,74,1
4,70,0
42,38,1
37,39,0
12,35,1
42,4,0
38,70,0
75,19,0
21,75,1
35,85,1
23,37,1
8,12,0
39,35,0
8,39,1
52,15,0
12,35,1
85,15,0
75,67,1
55,7,0
37,21,1
74,21,0
7,35,1
74,123,1
75,35,0
19,74,1
37,35,0
46,3,0
52,23,0
19,37,0
75,52,0
21,14,0
19,8,0
98,15,0
3,35,1
23,39,0
37,161,1
85,70,1
21,42,0
55,35,0
14,15,0
98,27,1
52,67,1
9,19,1
12,14,1
55,3,1
42,21,1
38,4,0
8,9,0
124,85,0
161,23,0
27,98,1
15,27,0
46,1,0
4,38,0
124,85,0
46,85,0
124,70,1
42,4,0
1,46,1
27,15,0
3,7,0
23,9,1
85,35,1
70,7,0
38,36,1
15,98,1
98,14,0
35,52,1
27,85,1
21,37,0
39,23,0
85,7,1
9,1,1
67,52,0
70,124,1
14,27,0
4,70,1
12,85,1
38,42,0
35,55,1
4,38,1
36,55,1
42,70,0
4,42,1
3,55,0
70,38,1
37,23,1
35,3,1
19,55,0
36,4,1
123,74,0
35,4,0
39,37,0
15,4,1
21,19,1
14,42,1
37,75,0
37,74,1
74,19,0
35,37,0
85,36,0
9,74,1
75,37,0
9,74,1
35,12,0
3,46,1
19,9,0
19,21,0
4,23,1
70,85,0
36,38,1
14,98,1
15,37,1
67,75,1
12,23,1
9,36,0
21,39,0
12,3,1
7,85,0
52,75,1
4,36,0
27,1,0
15,14,1
55,36,1
8,19,1
161,37,0
4,15,0
7,70,0
42,12,0
85,124,1
9,8,0
27,14,1
3,21,1
12,1,1
23,37,0
124,85,0
1,12,1
15,12,0
3,52,1
12,42,1
9,23,0
39,85,1
7,4,0
8,36,0
12,39,1
12,37,1
14,8,0
85,27,1
42,70,0
38,4,0
42,38,1
4,70,1
36,46,1
42,4,1
38,70,1
52,46,1
8,42,1
85,4,0
21,37,0
9,52,0
75,21,0
19,42,0
23,15,0
37,14,0
37,85,0
9,37,0
85,9,0
36,15,1
37,36,0
12,37,1
123,74,0
12,36,1
12,9,1
37,19,1
19,75,0
74,75,0
75,36,0
23,38,1
19,70,1
37,9,0
14,12,0
36,3,0
74,8,0
85,52,0
21,1,0
75,9,0
23,39,1
21,74,1
9,14,1
36,75,1
8,3,1
85,46,0
21,52,0
98,39,0
55,35,1
37,70,0
38,39,1
85,39,0
14,7,1
27,23,0
46,124,1
4,7,0
46,12,0
9,15,1
42,1,0
27,55,0
38,98,1
27,14,1
39,14,1
76,52,0
46,85,1
161,12,0
15,85,0
1,42,0
15,19,1
161,46,1
4,12,1
98,23,0
27,52,0
3,39,1
124,46,0
23,39,0
35,27,1
4,124,1
39,38,0
37,42,0
1,52,0
15,36,0
3,7,0
85,12,0
8,9,1
14,27,0
98,38,0
55,14,1
124,4,0
52,21,1
42,7,1
75,19,0
12,9,0
70,4,0
38,42,0
35,55,1
42,70,1
4,38,0
14,55,1
70,38,1
4,42,1
74,3,0
52,42,0
46,161,1
75,15,0
124,7,0
35,15,1
85,161,1
74,123,1
21,75,1
37,19,1
19,37,0
23,12,0
21,42,0
3,74,1
9,75,1
70,37,0
14,4,0
8,74,1
36,9,1
46,52,0
39,23,1
37,21,0
15,75,0
36,39,1
12,46,0
52,27,0
1,21,1
14,35,0
23,98,1
9,36,1
39,98,1
36,15,0
55,27,1
70,19,1
42,21,1
35,14,1
3,8,0
52,1,0
12,85,1
7,4,0
38,23,1
15,9,1
27,35,1
52,35,0
7,124,1
42,52,0
27,12,0
161,85,0
15,46,1
76,21,0
80,35,1
12,161,1
76,70,0
85,35,0
55,19,1
38,4,0
15,7,1
42,14,1
3,36,1
1,12,0
9,8,1
23,37,1
14,39,0
46,36,1
42,38,1
42,70,1
38,4,0
4,70,1
37,21,0
14,36,1
85,52,1
38,70,1
42,4,1
75,14,1
19,74,0
8,9,0
12,1,1
39,3,1
124,21,0
39,35,0
36,55,0
4,15,1
75,37,0
15,52,1
39,23,1
75,4,0
123,74,0
37,19,1
23,35,0
19,21,0
75,74,1
37,75,1
14,85,0
74,98,1
21,19,1
75,27,1
21,3,0
74,8,0
4,55,0
74,9,0
19,14,1
42,75,1
37,39,0
23,14,1
85,27,0
21,15,0
75,98,1
46,76,0
19,37,1
38,12,0
85,3,0
46,39,0
14,37,0
23,39,0
4,75,1
9,70,0
27,55,0
98,15,0
7,36,0
21,124,1
36,124,1
27,161,1
8,70,1
46,23,0
3,55,1
15,4,1
7,21,1
42,38,1
52,85,1
124,7,0
161,23,0
76,23,0
7,15,1
76,46,0
15,8,1
124,85,0
3,52,1
4,9,0
55,1,0
27,85,1
3,12,1
23,46,1
52,27,1
8,9,0
1,39,0
4,98,1
55,3,1
7,14,1
27,75,0
85,21,1
39,36,1
52,1,1
23,27,1
14,3,0
55,36,0
35,46,1
12,70,1
42,37,1
23,161,1
39,35,1
21,36,0
46,35,1
124,36,0
35,39,1
98,75,0
37,19,1
39,46,1
70,4,0
38,42,0
4,38,0
85,55,1
19,21,0
42,70,1
70,38,0
4,42,0
75,15,0
37,14,1
74,70,1
21,37,1
75,21,0
74,19,1
74,37,0
19,75,0
23,36,1
9,74,1
8,74,1
4,14,0
75,12,0
19,37,1
35,36,1
85,27,1
70,74,1
36,21,1
52,46,1
14,1,0
9,35,0
37,21,1
14,75,1
3,35,0
12,15,1
21,7,0
39,37,1
55,85,0
98,4,0
70,9,0
38,42,0
15,75,1
85,46,0
9,8,1
1,52,1
36,7,0
14,19,1
27,23,0
36,37,1
4,15,1
3,85,1
12,14,1
70,8,1
7,124,1
161,27,0
15,98,1
12,38,0
8,15,0
124,46,0
1,15,1
76,21,1
15,3,0
46,23,0
12,4,1
76,9,0
42,85,1
3,7,1
12,35,1
8,23,1
98,36,0
27,52,0
1,19,1
14,23,0
55,27,1
36,46,1
35,75,1
36,55,1
37,12,1
36,85,1
52,85,1
42,70,0
38,4,0
52,35,0
4,70,1
42,38,0
38,70,1
23,9,0
42,4,0
19,55,0
21,55,0
4,39,1
75,46,1
85,52,0
19,21,0
12,36,0
3,15,0
23,1,1
39,15,0
23,37,1
3,39,1
9,42,0
1,37,1
23,9,0
12,15,0
23,15,0
12,9,0
23,12,1
15,9,0
74,21,0
37,75,1
75,19,0
21,37,1
75,36,0
19,23,0
3,37,0
74,36,0
23,42,1
8,19,0
21,4,0
75,39,1
55,70,0
15,85,1
9,74,1
35,46,1
15,27,1
27,35,0
98,3,0
21,85,0
46,75,1
39,35,1
7,8,0
52,36,1
14,9,0
55,4,0
70,21,1
42,19,1
38,161,1
46,39,1
3,1,1
23,7,0
12,39,0
76,8,1
36,14,1
1,52,1
85,70,0
7,42,1
38,27,1
46,52,1
1,124,1
76,52,0
12,9,1
15,1,1
124,85,0
76,23,0
4,70,1
76,46,1
15,9,1
3,98,1
161,12,0
27,161,1
52,46,1
8,23,0
9,14,1
35,85,1
27,12,0
36,39,0
52,1,0
35,37,1
23,8,0
39,46,0
55,21,1
70,85,1
36,9,1
38,12,0
21,37,0
19,7,0
124,52,0
85,55,1
70,4,0
35,39,0
38,42,1
55,12,0
42,70,1
14,74,1
4,38,0
4,42,1
74,12,0
70,38,0
161,38,0
85,4,0
21,70,1
19,42,0
37,98,1
74,14,0
37,4,0
23,4,1
21,35,0
37,19,1
75,35,0
96,107,1
72,149,1
96,137,1
126,149,0
96,35,0
149,33,0
35,96,0
96,33,0
35,149,1
96,149,0
96,111,0
35,149,1
19,37,1
23,19,1
75,21,0
36,52,1
74,9,0
37,3,0
38,55,1
4,21,1
46,35,1
19,8,0
14,36,0
23,39,1
21,75,1
15,37,1
9,8,1
1,7,0
36,74,1
35,52,1
8,7,1
12,38,1
39,75,1
55,85,1
9,36,0
70,4,0
42,23,0
98,37,0
161,27,0
85,21,1
35,75,0
7,19,1
1,21,0
15,14,1
52,124,1
8,42,1
70,55,1
7,23,0
35,12,0
27,38,1
4,85,1
124,1,0
42,8,0
12,27,1
124,46,0
1,9,1
4,55,1
15,52,1
8,98,1
3,46,1
12,161,1
85,35,0
124,55,0
3,9,0
39,36,1
76,70,0
42,7,1
1,4,0
14,46,1
8,36,1
12,23,1
15,36,0
37,35,0
55,14,1
37,21,0
12,36,1
46,85,0
70,42,1
38,4,1
4,70,0
21,1,0
42,38,1
75,37,0
19,85,1
35,3,1
38,70,0
42,4,0
36,42,1
39,42,1
74,38,0
21,19,1
75,85,0
39,23,0
8,52,1
9,46,1
8,4,0
15,1,0
12,9,1
8,1,1
15,4,1
46,12,0
15,8,0
1,4,0
37,76,0
8,12,0
74,75,0
74,123,1
35,21,1
19,74,1
37,74,0
39,37,1
19,75,1
39,35,0
14,21,0
67,75,1
74,35,0
85,52,0
4,19,1
55,9,1
37,42,0
14,12,0
85,37,0
75,23,0
39,1,0
15,7,1
19,52,0
27,74,0
23,39,1
124,3,0
98,15,0
9,12,0
21,46,0
55,8,0
70,37,1
52,4,1
35,74,1
42,7,0
38,27,1
85,67,1
3,55,1
14,19,0
15,21,1
76,37,0
1,36,0
23,67,1
8,9,1
21,98,1
4,14,1
12,3,1
55,124,1
7,70,1
85,12,0
67,23,0
46,15,0
161,36,0
7,76,1
124,8,0
9,15,0
46,98,1
8,124,1
1,3,1
9,124,1
55,38,0
76,42,0
19,37,0
75,37,1
98,46,0
8,55,1
4,1,0
9,3,1
52,36,1
42,70,0
27,38,0
67,12,0
76,52,1
124,46,0
21,52,1
7,85,0
1,39,0
42,76,1
14,39,0
85,19,1
124,9,0
4,52,0
3,8,1
12,23,1
70,7,1
98,21,0
85,75,1
39,52,1
37,21,0
38,42,1
42,70,1
4,38,0
19,39,0
4,42,0
36,55,1
75,12,0
23,85,1
14,4,1
38,35,0
21,15,1
52,19,1
37,70,1
39,4,0
206,161,0
23,75,1
19,14,0
7,1,1
37,7,1
75,19,1
37,75,1
75,21,0
37,85,1
21,74,1
14,9,1
75,67,1
36,12,0
8,3,1
74,27,1
9,55,0
19,4,1
52,85,0
42,37,1
23,1,0
21,19,1
12,75,1
46,37,1
15,85,1
7,36,1
52,39,0
35,27,1
27,35,0
52,14,0
67,85,0
23,12,0
46,21,0
39,14,1
55,3,1
9,8,1
70,42,0
7,37,0
1,98,1
38,74,0
76,7,1
39,19,1
85,23,0
14,52,0
15,46,0
36,161,1
4,39,1
3,9,1
12,67,1
70,76,1
36,1,0
7,42,1
35,38,1
12,85,1
3,124,1
15,98,1
85,7,1
1,8,1
46,7,0
12,7,1
75,37,0
75,37,1
4,70,1
3,15,1
1,42,1
206,14,0
46,35,0
42,9,1
8,52,1
3,70,1
39,23,0
1,38,0
14,7,1
85,52,0
9,46,1
38,4,0
8,85,1
70,42,0
19,75,0
1,14,1
52,124,1
21,37,0
19,12,0
23,21,1
42,38,1
4,9,1
21,8,1
38,70,1
14,15,0
42,4,0
3,38,0
74,4,0
75,4,0
37,35,0
161,74,1
15,36,0
19,21,1
4,3,1
8,39,0
35,42,0
12,23,1
1,70,0
23,3,0
36,8,1
12,4,0
23,70,0
8,35,0
1,12,0
3,70,1
36,35,0
1,4,0
12,3,0
36,15,0
36,3,1
75,74,1
15,12,1
123,74,0
123,74,0
21,75,1
19,37,1
3,36,0
74,9,0
52,21,1
14,85,1
75,36,0
52,37,1
23,67,1
21,4,0
75,7,0
12,8,0
39,27,1
9,55,1
38,19,1
8,14,1
3,39,1
98,46,0
7,36,1
23,70,1
4,12,0
55,74,1
35,75,1
85,161,1
85,19,0
124,46,0
15,14,0
1,74,1
27,67,1
98,21,0
9,3,0
124,37,0
23,27,1
46,4,0
55,1,0
70,12,1
14,42,1
46,14,0
15,52,0
67,70,0
8,42,1
4,98,1
161,9,0
46,124,1
161,85,0
161,85,0
27,52,0
46,52,0
124,15,0
7,3,0
1,9,1
4,38,1
7,12,1
85,14,0
52,27,1
3,35,0
36,85,1
98,39,0
67,12,0
4,46,0
161,55,0
70,27,1
42,14,0
7,39,0
14,35,0
52,15,1
39,98,1
36,75,0
27,12,0
23,12,0
21,46,1
4,39,1
9,37,0
70,67,1
35,7,1
1,55,1
38,85,1
67,27,0
39,46,0
161,1,0
37,124,1
23,35,0
36,35,0
42,70,0
70,4,0
38,42,0
74,1,0
37,15,1
8,3,0
70,38,0
21,39,1
4,42,1
75,35,0
74,161,1
67,23,0
37,52,0
74,123,1
19,52,0
74,37,0
46,85,0
21,3,1
75,37,0
39,12,0
9,74,1
19,85,0
36,52,0
8,9,0
4,21,0
74,55,0
70,23,1
19,38,0
7,75,1
3,1,0
12,23,1
15,46,1
35,36,1
21,98,1
39,4,0
55,9,0
42,8,0
27,70,1
38,52,1
15,37,0
12,27,1
39,21,1
36,7,0
76,52,0
14,8,1
124,52,0
7,35,1
85,38,1
12,70,0
46,21,0
55,161,1
98,4,0
9,1,1
27,23,1
12,67,1
46,39,0
70,42,1
46,98,1
9,161,1
1,161,1
15,124,1
1,39,0
85,12,0
42,38,1
8,12,0
3,4,1
98,1,0
27,15,0
52,46,1
98,27,0
9,21,1
14,36,0
3,23,1
12,35,1
4,70,1
76,55,1
27,39,0
46,124,0
52,76,0
1,21,1
36,8,0
23,46,0
3,12,1
98,19,0
124,23,0
14,37,0
38,4,1
75,35,0
12,15,1
38,70,0
39,19,0
55,36,0
37,161,1
42,4,0
14,1,0
75,70,1
39,1,0
3,42,1
4,35,0
8,39,0
19,38,1
37,21,0
206,23,0
21,85,0
98,7,0
76,38,0
3,21,1
12,7,0
52,1,0
3,8,1
12,52,1
7,1,0
21,8,1
12,1,0
74,19,0
7,52,1
3,7,1
21,1,0
3,1,1
123,74,0
39,14,1
19,36,0
124,46,0
76,161,1
21,23,1
75,36,0
74,38,1
55,35,1
70,52,1
19,14,0
37,7,0
21,19,1
39,23,1
15,37,1
36,27,1
46,76,0
19,35,0
98,3,0
70,76,1
27,85,0
8,67,1
4,75,1
12,37,1
9,39,0
19,55,1
36,46,1
42,74,1
1,38,1
14,21,1
36,67,0
27,75,0
14,15,0
23,9,1
21,55,1
70,75,1
7,37,0
42,1,1
27,4,0
38,74,1
124,39,0
3,85,1
76,52,0
85,98,1
46,52,1
15,36,1
161,12,0
124,98,1
46,8,0
76,98,1
67,8,1
27,98,1
124,9,0
76,46,0
1,75,1
12,39,0
7,52,0
85,14,1
55,15,0
85,36,0
161,7,0
7,12,0
38,19,0
46,67,1
76,55,0
9,124,1
70,4,0
1,42,1
46,15,0
4,55,1
8,46,1
12,161,1
52,36,0
35,23,1
42,38,0
1,70,0
67,27,0
39,124,1
15,7,1
52,27,1
23,39,0
12,85,1
36,75,1
14,35,0
98,74,0
38,1,1
8,36,1
55,19,0
76,37,0
9,23,0
70,27,1
52,4,0
85,3,1
35,14,1
23,124,1
39,9,0
46,36,0
75,4,0
37,19,1
42,4,1
55,1,0
74,42,0
67,36,0
55,14,1
21,35,1
19,38,1
4,15,0
75,52,0
4,12,1
74,1,0
74,123,1
74,123,1
35,52,1
37,36,1
52,75,1
35,12,1
14,27,0
9,85,1
38,42,0
21,37,0
4,52,0
36,8,0
14,55,0
27,70,0
75,27,1
15,19,0
98,85,0
35,21,1
1,74,1
37,12,0
21,14,0
7,161,1
8,9,1
4,27,1
12,7,0
46,85,0
19,21,0
52,70,0
35,55,1
38,39,0
67,46,0
3,98,1
35,19,1
4,70,0
55,21,0
14,19,0
27,52,0
36,15,1
161,37,0
9,8,1
1,23,0
27,36,0
1,85,1
7,75,0
1,35,1
76,42,0
15,12,0
7,98,1
46,124,0
1,8,1
3,70,0
76,4,0
27,14,1
55,38,0
15,23,1
70,21,0
35,4,0
42,52,1
1,36,1
85,21,1
14,12,0
8,85,1
4,42,1
52,35,1
9,42,0
37,46,0
35,75,0
19,21,1
23,37,1
12,9,1
21,36,1
74,55,0
85,15,0
35,39,1
7,4,1
52,19,1
42,21,0
3,35,0
70,1,0
36,7,1
12,42,1
39,3,0
4,36,1
21,12,1
35,8,0
15,3,0
21,1,0
1,8,0
3,12,0
3,8,1
75,37,0
14,3,1
19,52,0
37,35,0
23,14,0
19,39,0
8,55,0
75,38,0
74,3,0
52,23,1
42,85,0
37,4,1
21,12,0
74,35,0
1,46,1
37,14,1
76,52,0
15,46,1
3,35,0
7,37,0
98,8,0
23,67,1
4,70,1
12,1,0
39,9,0
55,42,0
36,46,1
23,12,1
21,75,1
35,19,1
14,7,0
46,39,1
36,55,1
42,98,1
1,52,1
27,70,0
15,14,1
161,37,0
8,85,0
9,36,0
67,1,0
124,46,0
161,15,0
124,9,0
7,46,0
46,124,1
1,9,0
15,161,1
7,8,1
124,39,0
7,15,0
76,70,0
42,55,0
1,4,0
38,35,0
27,52,0
46,52,0
36,75,1
36,19,1
76,12,0
9,46,0
52,67,1
7,161,0
23,1,0
8,42,1
85,55,1
70,4,0
38,75,1
52,76,1
36,124,0
14,161,1
12,15,0
35,37,0
67,23,0
75,21,0
3,74,1
46,36,1
55,8,0
9,39,1
52,1,1
27,4,0
98,85,0
39,36,1
14,76,1
85,98,1
42,4,0
37,161,1
98,55,0
19,15,0
19,35,0
37,15,1
19,3,1
14,37,0
12,3,1
19,37,0
14,23,0
37,21,1
36,52,1
12,4,1
74,19,1
55,98,1
9,8,0
35,3,0
42,39,1
38,21,1
85,8,1
12,21,1
19,74,0
36,39,1
35,46,1
1,98,1
37,7,0
52,46,0
21,38,1
4,27,1
3,19,0
12,37,0
39,46,1
55,85,1
36,9,0
42,8,1
1,23,1
14,15,0
67,52,0
9,124,1
35,74,1
55,76,1
8,98,1
85,42,0
124,36,0
70,27,1
7,14,0
15,37,1
161,14,0
23,52,0
39,12,0
1,67,1
39,124,1
76,161,0
98,42,0
15,7,1
9,124,1
46,9,0
76,14,0
161,7,0
75,37,0
76,8,0
76,3,0
3,14,1
76,52,0
23,14,0
36,52,0
161,75,1
76,36,0
46,70,1
76,4,0
15,35,1
39,27,1
161,42,0
4,9,0
3,1,1
46,35,0
55,52,1
70,36,0
8,39,1
12,37,0
37,35,1
46,23,0
23,21,1
12,14,1
39,4,0
98,15,0
70,3,0
1,42,0
37,38,1
39,74,1
39,21,0
39,23,0
4,42,1
70,161,1
55,36,1
9,85,0
14,4,0
161,38,0
9,52,1
19,55,0
35,36,1
1,37,0
15,38,0
21,8,1
14,1,0
12,15,0
21,1,0
4,55,0
9,35,0
12,21,1
15,1,1
4,9,0
55,35,0
12,1,1
15,21,1
4,35,0
55,9,0
12,9,0
35,15,1
35,9,0
75,85,0
74,85,0
19,85,0
75,35,0
74,123,1
36,85,1
23,39,0
75,12,0
74,35,0
37,21,0
4,21,1
9,38,1
70,55,0
19,42,0
52,67,1
12,35,1
74,39,0
98,14,0
27,46,1
21,74,1
3,19,1
124,161,0
37,7,0
27,74,0
76,161,1
8,14,1
85,52,0
4,37,0
12,9,0
46,21,0
39,70,1
15,19,1
36,67,1
35,23,1
38,75,0
124,3,0
23,27,1
124,19,0
21,85,0
52,46,1
67,37,0
46,39,1
15,9,1
7,98,1
1,55,1
161,124,0
52,76,1
161,39,0
1,70,1
15,42,1
76,9,0
161,76,0
67,46,0
161,1,0
46,7,0
55,3,0
124,42,0
46,4,0
76,38,0
161,21,0
70,1,0
21,75,0
161,75,0
7,8,0
85,35,0
46,19,1
15,21,1
67,4,0
39,55,0
42,3,1
85,12,0
9,35,1
1,161,1
23,15,0
46,27,0
52,15,1
39,14,1
39,161,0
36,52,1
85,21,0
4,67,1
46,52,0
55,1,1
15,39,1
161,70,0
9,12,0
7,14,1
42,124,1
38,37,0
19,36,0
37,36,1
27,35,0
21,46,1
52,85,1
19,124,1
42,4,0
55,161,1
75,9,0
19,23,1
35,74,0
38,12,0
98,8,0
4,36,1
55,39,1
21,4,0
21,37,1
74,23,0
37,3,0
23,74,1
8,21,1
19,46,0
36,35,0
7,52,0
19,3,0
36,46,1
23,35,0
8,7,1
75,38,1
55,12,0
9,21,0
70,39,0
37,4,0
74,27,1
15,85,1
1,36,1
14,7,0
12,75,1
161,23,0
37,67,1
85,46,1
124,161,0
21,52,1
3,42,1
39,1,0
55,70,1
98,7,0
36,4,0
14,8,0
38,9,0
8,98,0
39,46,0
36,37,0
27,23,1
67,36,0
4,15,0
12,38,1
46,85,1
161,55,0
9,75,1
52,21,1
35,27,1
42,19,0
1,39,1
14,98,1
3,124,1
1,14,1
46,8,1
161,19,0
8,37,0
9,15,0
3,12,1
70,19,0
46,76,1
39,3,0
55,38,1
98,74,0
35,9,1
1,23,0
14,15,0
14,52,1
23,39,1
21,27,1
55,35,1
76,52,0
37,38,1
4,21,1
55,75,0
76,35,1
42,36,0
8,52,0
27,55,0
72,149,0
37,75,1
161,42,0
23,9,1
12,21,1
74,67,1
15,46,0
161,55,0
8,36,0
19,21,0
15,23,1
35,52,0
4,55,0
4,9,0
37,42,0
8,1,0
55,9,0
12,9,1
55,52,0
4,8,1
15,55,1
12,4,0
15,4,1
123,74,0
3,36,0
23,14,0
19,37,0
7,12,0
35,52,0
46,67,1
39,27,1
74,3,0
37,21,0
21,38,1
4,39,1
123,23,1
75,7,0
35,19,1
42,52,1
14,85,1
15,9,1
52,36,1
37,85,1
21,123,1
19,39,0
1,74,1
37,12,0
4,36,1
39,15,0
55,27,1
70,21,0
7,9,1
52,85,0
42,14,1
38,8,1
46,161,1
39,124,1
98,12,0
15,35,0
23,70,0
85,42,0
124,19,0
55,4,0
98,38,0
211,14,0
27,36,0
67,3,0
9,46,1
161,75,0
52,211,1
12,14,1
46,36,0
161,9,0
1,67,1
13,52,1
124,15,0
39,35,0
1,7,0
46,7,1
70,36,1
42,35,0
38,55,0
161,7,0
15,8,0
3,1,1
7,161,1
8,98,1
124,46,0
206,14,0
9,161,1
36,75,0
8,38,0
4,55,0
12,35,1
211,52,0
42,85,0
1,39,0
3,67,1
124,39,0
14,52,0
21,85,0
23,19,0
46,37,0
39,35,0
9,75,1
36,27,1
1,52,0
85,14,0
12,8,1
55,36,0
15,39,1
70,123,0
19,124,1
211,42,0
37,23,1
27,4,0
38,74,1
161,74,0
75,161,1
4,35,1
23,123,1
211,85,0
19,52,1
67,74,1
36,38,0
35,124,1
21,23,1
75,9,0
19,15,1
14,211,1
38,12,1
21,15,0
37,35,0
37,21,1
15,35,0
56,13,0
159,72,0
123,27,0
74,27,1
19,37,0
36,3,0
85,27,0
36,37,1
19,35,0
46,67,0
74,21,0
7,23,0
4,12,0
123,70,0
39,55,0
98,8,0
9,36,0
7,75,1
14,42,0
85,15,1
123,21,0
74,1,1
35,39,0
23,21,0
75,46,0
39,8,0
14,37,1
98,7,0
35,15,0
1,3,0
85,211,1
124,74,0
4,27,1
12,38,1
9,7,1
70,23,1
36,55,0
52,42,1
46,75,1
39,19,0
124,35,0
21,70,1
15,19,0
36,4,0
52,14,1
42,211,1
27,55,0
38,98,1
149,127,1
127,137,0
149,137,0
8,12,0
85,52,0
3,74,1
7,46,1
46,9,0
12,98,1
15,124,1
161,46,0
7,1,0
67,46,1
161,74,1
46,52,1
76,35,0
7,9,1
27,75,0
4,3,1
55,38,0
15,211,1
42,70,1
1,35,0
76,124,1
124,46,0
3,8,0
39,23,1
55,14,1
15,12,1
98,27,0
42,75,0
76,74,0
52,137,1
27,21,1
23,149,1
8,124,1
1,67,1
70,149,0
14,85,0
23,38,0
21,19,1
35,4,0
33,39,0
52,123,1
37,36,1
39,4,0
46,74,1
19,123,1
75,85,0
23,36,0
159,149,0
52,38,1
55,67,1
161,137,1
9,23,1
37,39,1
14,3,1
12,27,1
9,38,1
15,7,0
12,70,0
67,149,1
21,35,0
127,56,0
123,8,0
75,4,0
39,74,0
19,42,0
55,15,0
3,9,0
55,7,1
37,3,0
21,4,0
9,42,1
35,12,0
3,4,0
37,21,1
9,35,0
42,12,0
123,124,0
3,21,0
37,4,1
9,12,1
42,35,1
37,12,0
9,21,0
21,12,1
137,127,1
127,149,0
137,149,0
123,76,0
74,76,0
137,149,0
127,14,0
75,36,0
39,33,1
137,21,0
19,37,0
27,85,1
23,7,0
46,124,0
149,72,1
85,3,1
21,12,0
75,37,0
55,137,1
98,39,0
9,15,0
70,67,1
19,211,1
36,76,0
1,4,1
14,42,1
38,123,1
72,126,1
39,76,0
137,1,0
149,21,0
19,9,1
36,27,1
124,161,1
74,46,0
211,19,0
37,85,1
107,159,0
8,52,1
124,38,0
21,55,0
4,19,0
3,23,1
15,14,0
149,45,0
9,36,0
70,1,0
35,74,1
42,7,0
161,127,0
23,76,1
96,33,0
149,137,0
35,98,1
27,211,1
67,137,0
85,7,0
46,39,0
76,37,0
3,75,1
8,38,1
124,56,0
4,27,1
12,23,0
70,21,0
36,137,1
42,15,0
1,55,0
14,161,1
124,52,0
76,85,0
1,137,1
27,9,0
161,15,0
124,72,1
161,7,0
124,36,0
76,36,0
7,19,0
124,8,0
67,70,0
4,211,1
46,98,1
55,38,1
76,3,0
42,161,1
75,127,0
137,149,0
127,137,0
75,149,1
9,27,1
7,15,0
1,149,1
23,46,1
211,27,0
76,35,0
15,161,1
9,211,1
42,12,0
23,3,0
45,149,0
21,1,1
39,46,0
55,70,1
36,149,0
14,7,0
27,4,0
38,8,1
56,127,1
36,75,1
23,85,1
21,137,1
15,127,1
149,67,1
98,35,0
52,124,1
39,37,0
161,14,0
124,123,1
33,76,0
85,75,1
4,9,0
3,37,1
55,21,0
19,27,1
36,211,1
7,42,1
35,39,1
1,70,1
14,15,1
85,76,0
127,161,0
75,23,1
137,67,0
149,33,0
127,42,0
211,36,0
37,23,1
98,74,0
8,123,1
35,46,0
126,72,1
149,70,0
67,55,0
55,39,0
36,4,0
21,67,1
74,35,0
137,70,0
149,1,0
19,4,1
42,127,1
37,76,1
123,38,0
137,55,0
9,19,0
75,76,0
74,39,1
149,55,0
4,12,0
7,161,1
13,33,1
127,137,0
137,149,0
127,149,1
3,35,1
123,19,0
37,14,0
37,3,0
23,75,1
21,149,1
127,7,0
67,21,0
85,37,0
4,36,1
123,52,0
75,3,0
39,35,0
74,98,1
55,149,1
70,137,1
42,14,0
67,1,0
127,15,0
19,36,1
52,76,1
211,9,0
124,76,0
98,46,0
85,23,1
21,70,1
3,76,0
55,1,0
15,42,1
9,4,1
36,19,0
7,14,1
52,8,1
56,69,0
37,75,1
38,124,1
206,127,0
39,98,1
76,23,0
27,36,1
23,37,0
76,75,0
7,127,1
27,19,1
45,56,1
3,85,0
46,35,1
15,7,1
161,42,0
70,55,0
36,9,0
211,4,0
1,21,1
14,127,1
38,52,0
1,7,0
72,56,0
1,36,0
161,72,0
161,56,0
15,3,0
161,8,1
76,72,1
27,48,0
124,127,1
4,21,1
39,14,0
38,19,0
76,33,1
23,39,0
12,15,1
46,36,0
55,35,0
69,56,1
70,52,1
42,9,0
1,13,0
161,45,0
39,56,0
161,126,1
23,42,0
21,39,1
149,76,0
9,55,0
70,206,1
19,7,0
45,13,1
14,48,1
27,35,0
38,37,0
56,124,1
36,39,1
69,67,1
4,46,1
36,23,0
39,13,0
4,19,0
127,38,0
48,149,1
33,96,1
21,37,1
15,75,1
9,42,1
14,206,1
12,55,0
35,45,1
69,127,1
9,39,1
19,21,1
52,56,0
23,12,0
75,1,0
137,161,1
85,33,0
15,14,1
55,48,0
37,19,1
8,39,1
52,37,0
15,55,0
12,1,0
52,14,0
15,19,1
37,35,1
8,9,1
85,46,1
137,72,0
55,19,0
12,8,1
1,14,1
9,55,1
15,1,1
85,12,1
52,37,0
85,15,0
107,161,1
37,85,1
72,161,0
149,127,1
127,137,0
149,137,1
74,127,1
45,161,0
23,35,0
21,75,1
3,48,0
76,13,0
36,96,0
37,149,1
69,27,0
127,13,0
76,36,1
48,161,1
8,107,1
124,1,0
123,46,0
75,42,0
72,159,0
39,27,0
74,37,0
137,55,0
206,23,0
98,9,0
69,21,0
70,7,0
19,96,1
52,126,1
35,12,0
45,3,0
56,15,0
33,149,0
38,67,1
107,124,0
127,15,0
3,52,0
13,149,1
137,7,0
23,70,0
96,98,1
85,72,1
21,8,1
4,52,0
46,75,1
39,12,0
55,206,1
76,45,0
69,1,0
161,48,0
159,38,1
19,9,0
36,126,1
35,211,1
42,123,1
14,37,1
27,74,1
33,56,0
127,75,0
137,127,0
52,45,1
7,23,1
33,127,1
206,137,0
67,12,0
126,76,0
96,19,0
8,69,0
85,159,1
124,107,1
75,123,1
72,38,1
46,211,1
15,13,0
9,48,0
70,55,0
36,3,0
42,35,0
56,149,0
1,21,1
37,39,1
14,74,1
76,124,1
1,75,1
126,3,0
67,72,0
75,211,1
76,52,0
161,19,0
159,12,0
9,98,1
27,14,0
38,85,0
8,1,0
69,124,1
12,67,1
46,42,1
7,206,1
15,27,1
9,3,0
124,46,0
127,19,0
124,19,0
46,52,1
76,98,1
124,127,1
55,4,1
27,52,0
161,98,0
9,7,0
1,12,0
124,37,0
48,75,1
46,14,0
39,137,1
45,35,1
27,76,1
36,149,1
13,33,1
15,127,1
67,159,1
23,137,1
85,38,1
124,21,0
48,96,1
72,12,0
39,14,0
55,70,0
76,3,0
149,13,0
98,19,0
9,161,1
52,36,1
35,42,0
211,75,0
45,126,1
56,127,1
1,8,0
27,37,1
33,15,0
69,85,0
36,76,1
107,1,0
23,206,1
126,52,0
96,161,0
8,124,1
13,56,1
48,9,1
21,69,1
127,33,0
123,75,0
3,45,1
72,67,1
12,38,0
46,35,0
39,37,1
55,7,1
137,70,0
149,15,0
159,85,0
19,98,1
211,42,0
14,27,0
35,123,1
45,48,0
107,69,0
149,46,1
137,127,1
127,149,0
137,149,1
123,211,1
75,21,0
40,35,0
37,74,0
206,55,0
7,137,1
96,9,1
85,12,1
21,124,1
123,42,0
149,56,1
98,48,1
69,8,0
159,67,0
70,137,0
19,161,1
36,45,1
52,76,1
211,35,0
1,107,1
38,72,0
4,37,0
127,56,0
75,46,1
74,39,1
55,23,0
33,13,1
14,15,0
12,15,1
14,12,0
74,123,1
19,3,0
149,96,0
206,7,0
107,21,0
126,45,0
127,149,0
75,35,0
3,36,0
39,76,0
74,14,0
137,23,1
161,67,1
19,48,0
42,46,1
8,12,0
27,69,1
13,127,1
7,70,0
67,85,0
23,55,1
8,21,0
48,19,1
123,35,0
3,126,1
12,72,1
15,56,1
137,206,1
149,33,0
98,161,1
69,107,0
9,96,1
36,52,0
211,46,0
42,75,1
45,76,1
1,124,1
37,14,0
27,39,1
38,159,1
46,40,0
75,27,0
107,8,0
96,48,0
85,67,1
13,15,0
12,159,1
23,7,0
124,69,0
21,1,0
72,85,1
74,27,0
55,137,1
76,126,1
206,70,0
149,127,1
98,96,0
161,9,0
19,4,0
52,3,0
35,46,1
211,123,0
45,36,1
56,33,1
37,42,1
14,39,1
38,12,0
39,74,1
15,33,1
161,96,0
67,38,0
126,36,0
124,8,0
48,98,1
21,107,1
4,14,1
3,76,1
12,85,1
46,123,1
15,149,1
159,72,1
9,19,1
70,23,1
7,55,1
35,75,1
42,211,1
45,52,0
56,13,0
1,69,1
37,27,0
67,61,1
4,7,0
55,9,0
46,76,1
74,56,0
161,35,0
1,19,1
74,35,0
161,56,0
161,74,0
35,56,1
27,96,1
126,127,0
124,127,1
3,46,1
76,149,1
7,12,0
127,123,0
126,123,1
13,36,1
124,137,1
98,14,0
13,76,1
48,27,1
4,85,1
23,14,1
8,3,0
124,72,0
12,21,1
55,35,0
69,161,1
70,19,0
36,56,0
7,46,1
40,52,1
45,96,1
126,27,0
159,33,0
13,39,1
8,35,0
61,67,0
48,55,1
21,42,1
4,13,0
127,74,0
46,56,1
39,23,0
69,206,1
9,12,0
70,37,0
19,1,0
52,72,1
40,123,1
45,85,0
14,38,1
36,96,0
27,33,1
46,72,1
37,45,1
4,39,1
96,126,0
85,69,1
23,48,1
127,27,0
3,75,1
55,7,0
15,8,0
70,12,0
12,3,0
39,15,0
74,69,0
52,159,1
37,96,1
14,48,0
75,27,0
55,13,0
19,126,1
35,36,1
211,38,0
40,161,1
12,206,1
9,55,1
3,107,1
74,124,1
4,14,0
21,7,0
12,48,1
1,85,0
9,42,0
52,3,0
15,35,1
27,13,0
85,52,1
14,9,0
48,15,1
7,27,1
4,42,1
3,1,0
13,21,1
35,12,0
4,9,1
3,85,1
52,1,0
42,14,1
13,7,0
15,12,0
35,48,0
27,21,0
4,1,0
3,9,0
48,7,1
12,13,1
4,12,0
3,48,0
48,12,0
127,137,0
137,149,0
127,149,0
96,149,0
33,149,1
46,67,1
74,161,1
137,75,0
52,76,1
37,21,0
27,159,1
36,124,0
107,7,0
23,42,0
126,14,1
96,127,1
8,27,1
123,45,0
206,55,0
70,33,0
52,149,1
38,211,1
46,61,1
39,75,1
76,85,1
137,37,0
159,4,0
19,72,1
35,124,1
56,21,0
48,74,1
123,1,0
36,12,0
48,161,1
45,161,1
127,96,1
137,42,0
149,74,1
159,15,0
70,107,0
33,7,1
38,9,0
123,40,0
75,14,0
61,13,0
98,85,0
67,7,0
107,12,0
96,137,0
48,1,0
21,46,1
4,36,1
3,27,1
74,52,0
55,69,1
76,35,0
15,72,1
149,206,1
19,39,1
211,8,0
37,23,0
45,123,1
75,127,0
61,15,1
67,107,0
23,137,1
21,3,1
72,4,0
12,70,0
206,69,0
9,38,1
7,33,1
126,39,0
13,46,0
124,76,1
55,74,0
98,35,0
36,159,1
42,37,1
40,48,1
56,61,0
14,19,0
27,211,1
172,127,0
1,45,1
161,69,0
13,48,0
8,9,0
124,85,0
69,52,0
70,67,1
7,12,0
1,40,1
38,27,0
76,98,1
161,1,0
76,46,0
15,70,1
7,3,0
35,40,0
35,14,1
127,42,0
70,8,1
38,55,0
4,15,0
1,161,1
27,75,0
124,137,1
149,36,0
124,36,0
137,149,1
124,149,1
137,36,0
46,7,0
3,9,1
76,12,0
126,127,0
124,46,0
48,36,1
76,37,0
40,35,0
23,56,0
161,39,0
67,33,0
13,21,0
124,35,0
15,159,1
9,211,1
70,7,0
52,206,1
42,127,1
38,8,0
72,107,1
98,76,0
161,45,0
67,12,0
126,75,0
61,46,0
85,124,1
13,56,0
48,40,0
3,37,1
149,52,0
69,55,1
36,15,0
42,23,1
14,137,1
27,9,1
33,70,1
45,74,1
107,70,0
23,127,1
21,56,1
4,72,1
12,33,1
46,13,0
76,124,1
15,36,1
137,96,1
206,149,0
161,123,0
19,75,0
52,55,1
35,98,1
211,9,0
40,1,0
37,42,1
14,39,1
27,8,0
33,107,0
127,137,0
55,206,1
37,36,0
42,38,0
36,4,0
161,42,0
4,15,1
127,126,1
8,211,1
3,4,0
72,159,1
69,74,1
7,67,1
33,12,0
96,42,0
85,98,1
21,61,1
127,37,0
123,161,1
75,126,1
39,19,0
137,23,0
35,76,1
40,45,1
1,48,1
3,15,0
74,149,0
13,27,0
36,72,1
127,172,1
137,172,1
149,127,1
127,137,0
149,137,1
74,19,0
74,123,1
96,76,0
127,123,0
39,161,1
45,14,1
37,149,1
46,124,1
137,126,0
96,37,0
61,21,1
85,76,1
48,123,1
127,23,0
75,19,0
39,14,0
55,149,0
206,74,0
70,12,0
7,107,1
52,69,1
35,40,0
27,38,1
33,67,1
45,48,1
107,67,1
23,37,1
126,19,0
13,61,1
123,48,0
12,7,0
74,55,0
137,127,1
206,52,0
149,69,1
9,8,1
36,39,1
56,46,0
14,75,0
98,124,0
42,96,1
67,70,1
96,23,0
61,56,1
85,35,1
21,13,1
4,159,1
72,15,0
12,107,1
39,126,1
149,55,0
19,14,1
52,74,1
211,27,0
45,40,0
37,137,1
161,48,0
159,72,0
36,149,1
45,1,0
159,36,0
107,33,0
23,96,1
8,38,1
124,98,1
48,45,1
75,39,0
72,36,1
12,67,1
46,21,0
74,206,1
55,52,0
15,4,0
69,149,0
161,40,0
9,27,0
7,70,1
35,85,1
42,137,1
56,13,0
1,123,1
37,127,1
14,126,1
13,33,1
39,40,0
55,8,0
35,15,0
3,42,1
8,55,1
15,35,1
40,39,1
33,13,0
1,52,0
27,67,0
3,1,1
15,45,1
124,75,0
74,56,0
72,137,1
161,67,0
56,45,0
74,45,0
67,72,0
161,137,1
124,56,1
75,45,0
67,137,0
161,72,0
46,35,0
76,27,1
3,19,0
76,36,1
52,76,0
126,159,1
23,39,0
8,19,0
48,55,1
69,85,1
161,75,0
70,45,1
36,56,1
35,3,1
42,21,0
1,37,1
14,4,0
52,46,1
137,149,0
8,52,0
13,36,1
21,19,0
4,7,1
39,69,0
70,14,1
35,27,1
42,75,0
56,48,0
37,3,0
127,126,0
137,76,0
8,3,0
75,12,0
39,149,1
36,35,1
37,21,1
8,4,0
72,35,0
23,206,1
37,15,1
69,61,0
161,38,0
1,70,1
127,123,1
75,3,0
12,98,1
52,159,1
14,40,0
96,149,1
9,8,0
42,19,0
12,40,0
127,172,1
52,4,1
15,23,1
172,126,0
3,21,1
1,85,1
127,137,0
126,149,1
137,172,1
15,19,1
127,149,0
149,172,1
9,40,1
52,13,0
3,15,0
12,13,0
3,13,1
9,13,0
33,36,0
126,72,1
149,159,0
36,76,1
23,3,0
61,123,1
124,67,1
48,21,1
39,56,1
74,137,1
149,96,0
19,52,0
45,75,0
37,35,1
33,72,1
127,159,0
161,12,0
52,206,1
40,14,0
107,172,1
23,76,0
96,21,0
61,127,0
124,1,1
75,159,1
72,67,1
12,52,0
74,3,0
55,13,1
149,42,0
45,126,1
37,4,1
27,70,1
33,35,1
38,15,0
85,36,0
123,48,0
46,56,0
39,7,0
69,161,1
19,137,0
1,35,1
172,33,0
107,74,0
126,39,0
61,48,0
124,23,0
21,38,0
4,85,0
15,14,1
137,72,1
206,45,0
149,123,0
161,13,0
70,75,1
36,98,1
7,52,0
35,3,0
211,76,0
42,127,1
56,19,0
27,12,1
85,37,0
13,69,1
48,127,1
3,172,1
46,72,1
39,52,0
74,35,1
55,161,1
76,1,0
206,126,1
149,61,1
98,4,0
159,12,0
19,67,0
211,23,0
42,123,1
45,7,0
56,137,1
14,21,0
27,75,0
33,107,1
38,96,1
45,36,0
67,46,0
4,48,1
72,127,1
12,9,0
39,14,1
15,1,0
98,8,0
161,69,0
70,159,0
7,76,1
211,124,0
40,55,1
107,127,1
126,127,1
76,40,1
76,127,1
76,19,0
127,19,0
161,61,1
124,8,0
46,75,1
161,36,0
124,75,1
46,8,1
56,14,0
8,48,0
76,96,1
67,69,1
13,21,0
124,211,1
4,3,0
75,36,0
15,19,0
161,40,0
7,9,0
76,137,1
85,45,1
36,107,1
52,127,1
126,127,0
46,13,1
39,61,0
98,74,0
161,159,0
52,76,0
14,23,0
124,127,0
72,33,0
7,126,1
172,74,0
107,35,0
96,14,0
8,85,0
48,149,1
21,15,0
4,36,1
3,33,0
72,56,0
46,19,0
39,206,1
70,12,0
52,45,0
1,23,1
37,98,1
27,159,1
76,124,1
126,52,0
3,107,1
12,75,1
15,96,0
137,46,0
206,7,0
149,127,0
98,85,0
159,70,0
36,37,0
35,172,1
211,1,0
42,48,0
45,39,0
14,38,1
33,74,0
23,211,1
13,15,0
72,19,0
12,42,0
46,14,0
39,4,0
55,37,1
137,67,0
161,74,0
36,48,1
52,8,1
56,75,0
1,13,1
35,96,0
45,85,1
55,70,0
19,72,1
12,159,1
36,85,1
67,19,0
126,206,1
61,149,1
21,96,1
4,37,0
127,48,0
123,42,0
75,27,0
3,35,0
72,46,0
74,107,1
15,38,1
137,56,0
69,13,0
7,45,1
52,39,1
1,211,1
33,172,1
76,23,1
40,161,1
67,56,0
172,3,0
107,33,0
85,4,0
48,42,1
127,149,0
123,61,0
46,137,0
39,45,0
55,69,1
98,36,0
159,75,0
7,206,1
52,126,1
35,74,1
14,15,0
38,21,0
96,35,0
8,75,0
124,52,0
48,14,1
21,9,0
127,107,1
123,74,0
39,159,0
206,61,0
70,3,0
19,149,1
36,1,0
7,172,1
40,13,0
45,76,1
56,67,1
37,23,0
33,85,0
13,161,1
55,40,1
67,137,0
23,1,0
126,7,0
96,38,0
61,42,0
13,55,1
21,14,1
4,98,1
123,127,0
75,12,0
74,172,1
206,39,0
149,48,0
9,8,0
70,27,0
19,46,1
35,107,1
45,52,0
56,72,1
37,85,1
33,3,0
124,76,1
40,69,1
172,35,0
107,3,0
48,61,1
127,42,0
123,149,0
72,137,0
12,70,1
39,126,1
74,33,0
76,211,1
15,21,0
98,37,0
69,40,0
161,55,0
159,27,0
19,56,1
36,4,0
52,7,0
45,206,1
1,124,1
14,96,1
42,61,1
46,67,1
67,72,1
172,107,0
126,45,0
96,15,0
13,40,0
48,123,1
127,61,0
75,70,1
3,74,1
12,27,0
137,19,0
206,52,0
69,55,0
7,39,1
35,33,0
42,149,1
56,46,0
37,36,1
38,14,0
23,124,1
85,98,1
4,8,1
1,76,1
3,13,1
55,27,0
76,21,0
15,8,0
9,48,0
42,4,0
56,33,1
19,12,0
21,76,1
4,42,0
46,85,1
27,55,0
33,56,0
46,159,1
46,127,0
1,36,1
123,75,0
74,19,0
107,159,1
124,149,1
75,74,0
52,137,1
124,107,1
123,74,0
159,149,1
19,37,0
52,72,0
67,172,1
124,52,1
72,107,1
137,149,0
161,126,1
67,126,1
161,172,0
85,45,1
172,126,0
161,67,0
8,7,0
13,1,0
127,75,0
3,36,1
46,23,1
55,48,1
76,35,1
15,37,1
98,70,0
69,40,0
9,12,1
27,19,0
161,70,0
23,37,0
8,9,0
61,69,1
85,96,1
13,12,0
46,52,1
39,36,0
76,72,0
7,21,1
42,3,0
1,15,1
14,19,0
38,75,0
172,96,1
107,72,0
23,13,0
85,33,0
48,76,1
21,37,0
3,56,1
12,14,0
55,46,0
15,7,1
206,123,0
149,137,1
98,127,0
69,67,1
9,42,0
70,39,0
19,8,0
36,75,0
52,124,1
211,159,0
9,52,1
19,45,1
13,3,0
55,42,0
4,33,1
35,45,0
7,38,1
21,8,0
12,48,1
39,76,1
137,75,1
161,4,0
19,15,1
52,46,1
37,1,0
126,72,0
127,96,1
159,35,0
9,36,1
12,206,1
98,1,0
8,37,1
127,72,1
3,21,1
9,48,1
27,15,0
12,52,0
7,4,1
40,56,0
1,19,0
8,15,0
37,27,0
48,3,0
9,21,1
4,12,1
52,7,0
19,40,0
56,1,0
8,27,0
15,37,1
4,52,0
7,12,1
21,48,0
9,3,1
40,1,0
56,19,0
15,52,1
27,7,0
9,40,1
1,3,0
3,7,1
9,15,0
3,15,1
85,126,1
126,69,0
74,161,1
67,124,0
61,27,1
85,8,0
48,56,0
127,172,1
123,21,0
75,19,1
12,1,1
39,23,0
74,37,1
137,96,0
159,161,1
70,40,0
7,149,1
52,36,0
35,76,1
45,13,0
14,46,0
172,124,0
126,37,0
96,38,1
8,13,0
61,1,0
85,48,0
75,67,1
3,4,0
12,46,1
74,21,0
9,55,0
70,161,1
19,107,0
14,35,0
27,159,1
33,36,0
137,42,0
127,7,0
123,56,0
39,15,0
76,206,1
98,40,0
52,149,1
45,69,1
69,126,1
172,127,0
107,33,0
85,161,1
124,9,0
48,74,1
4,12,0
46,75,1
15,52,1
137,8,0
206,23,0
149,72,0
98,56,0
159,45,0
70,21,0
36,96,1
7,55,0
211,42,0
1,76,1
37,27,0
14,123,1
38,19,0
67,46,1
23,1,0
126,27,0
96,107,1
13,42,0
21,85,0
75,4,0
74,70,1
55,127,1
76,61,1
15,72,1
149,39,0
161,48,0
159,69,0
9,7,0
19,33,0
36,38,0
35,98,1
45,37,0
56,14,0
67,161,1
124,172,1
21,12,1
46,45,0
55,75,1
15,4,1
69,39,0
36,74,1
7,76,1
52,40,1
211,137,0
1,9,0
27,3,0
46,40,0
40,61,0
40,52,1
61,40,0
37,123,0
37,75,0
72,33,0
76,159,1
124,149,0
52,33,1
3,12,1
8,211,1
61,39,0
13,23,1
124,33,1
4,1,1
46,35,0
206,137,0
149,52,0
98,75,0
69,48,0
161,37,0
9,27,0
70,19,0
7,172,1
14,36,0
172,9,0
107,38,0
126,159,0
61,23,0
85,74,1
13,137,1
124,55,0
4,75,1
12,67,1
39,149,0
98,123,0
161,21,0
70,48,0
19,36,0
52,15,0
35,56,0
42,8,0
40,14,0
1,206,1
37,69,1
27,45,0
33,96,0
67,4,0
172,55,0
23,76,1
96,19,1
85,70,1
124,127,0
48,21,0
72,52,0
46,12,0
15,149,1
206,61,0
69,27,0
159,37,0
36,107,1
7,9,0
35,123,1
42,211,1
45,126,1
56,40,0
1,3,1
14,98,1
38,33,0
72,76,1
23,206,1
13,46,0
48,8,0
21,56,1
3,7,1
39,75,0
55,172,1
137,211,0
161,74,0
159,127,0
9,124,1
19,85,1
36,42,0
52,45,0
40,35,0
14,37,0
27,67,0
127,75,0
72,126,1
12,45,1
107,96,0
8,137,1
13,211,1
21,48,1
127,9,0
123,14,0
75,12,0
72,15,0
46,67,1
74,161,1
55,7,0
206,76,0
69,159,0
70,85,0
52,39,1
35,40,0
56,98,1
1,61,1
37,45,1
27,126,1
33,19,0
38,36,0
67,12,0
107,36,0
126,45,1
48,70,1
21,161,1
127,55,0
123,40,0
46,4,0
39,72,1
74,85,0
76,1,0
137,13,0
149,52,0
98,35,0
19,96,0
7,124,1
211,8,0
37,159,1
14,56,0
27,69,0
33,38,0
45,61,0
137,127,1
127,149,0
137,149,1
23,14,0
61,161,1
85,69,1
4,9,0
127,124,0
75,8,1
3,21,1
39,12,0
74,36,0
55,13,0
137,33,0
149,76,0
98,72,0
19,27,0
7,159,1
35,46,0
40,123,1
56,52,0
67,75,0
172,7,0
96,33,0
61,76,0
21,70,0
123,98,1
72,39,1
12,4,0
74,48,1
55,9,1
149,15,0
69,37,0
161,85,0
159,126,1
36,19,1
42,13,0
45,27,0
56,35,1
1,23,1
14,40,0
38,107,0
23,61,1
126,69,0
96,36,1
8,42,1
85,21,0
124,7,0
48,161,1
4,67,1
123,35,0
75,46,1
72,149,1
39,52,0
206,1,0
98,14,0
9,127,1
70,74,1
19,38,1
211,13,0
40,56,0
45,159,1
27,37,0
33,107,1
107,19,0
13,8,1
48,85,1
21,74,1
4,46,0
12,75,0
55,124,1
15,39,1
161,70,0
159,27,0
9,172,1
36,33,0
7,127,1
52,72,0
35,14,1
42,137,1
40,98,1
56,123,1
38,96,1
61,206,1
69,45,0
37,126,1
76,23,0
23,27,0
8,48,1
21,9,0
4,37,0
46,127,1
56,52,1
33,12,0
48,8,0
127,111,0
12,33,1
46,124,0
39,69,1
137,35,0
52,56,0
27,23,1
67,69,0
67,75,0
75,69,1
149,159,1
123,36,0
161,149,0
124,14,0
48,39,1
8,19,1
13,85,0
124,48,0
123,206,1
3,52,1
12,76,1
46,37,0
55,35,1
98,67,0
161,159,1
9,4,0
70,36,0
1,7,0
14,39,1
67,126,1
23,45,1
61,69,0
13,56,0
4,15,0
127,35,1
3,42,1
55,21,1
206,70,0
98,137,0
161,172,0
159,39,0
9,1,1
7,75,0
52,33,1
37,14,0
38,48,0
172,67,1
8,45,0
13,61,1
21,76,1
3,35,0
46,48,0
39,96,0
137,111,1
98,206,0
69,75,1
161,126,1
70,1,0
19,37,0
36,52,0
40,149,1
33,72,1
39,13,0
38,12,1
46,124,1
35,96,0
33,40,1
48,15,1
3,8,0
12,23,1
36,127,1
96,33,1
35,40,0
211,127,0
75,137,1
19,74,0
4,37,0
1,56,1
12,55,0
172,107,0
15,13,0
7,36,1
21,3,1
8,35,1
21,4,0
1,55,0
127,126,0
137,126,0
111,127,0
61,40,0
85,12,0
13,38,0
48,45,1
127,159,1
123,206,1
75,55,0
39,1,0
74,172,1
15,56,0
137,96,0
149,76,0
69,161,1
70,124,0
19,9,0
36,8,0
52,46,0
35,37,0
42,21,0
14,23,1
27,72,1
98,76,0
48,40,1
107,33,0
23,159,1
126,15,0
8,85,0
61,52,0
13,127,0
124,3,0
4,7,0
123,42,0
75,38,0
46,1,0
74,39,0
137,37,0
149,12,0
9,96,1
19,21,0
35,55,1
211,36,0
56,161,1
27,45,1
206,69,0
14,72,1
61,12,0
67,14,0
172,8,0
96,23,0
85,13,1
21,98,1
75,126,1
3,56,1
74,42,0
15,40,0
149,123,1
69,27,0
161,76,0
159,48,0
36,137,0
52,19,0
45,4,0
1,70,1
37,39,0
33,46,1
23,9,0
85,172,1
48,96,1
4,69,0
127,8,0
12,123,1
46,107,1
39,211,1
74,149,1
55,14,0
98,52,0
161,3,0
70,33,0
19,61,1
35,67,1
40,75,1
37,7,0
27,206,1
38,15,1
23,19,0
126,38,0
124,161,1
48,37,0
21,36,1
127,74,1
3,40,1
12,9,0
46,55,0
39,159,0
15,27,0
69,76,0
7,42,1
52,13,0
211,137,0
45,33,0
1,85,1
124,46,0
13,69,0
85,39,1
13,36,0
124,35,0
3,48,0
72,159,0
46,19,1
76,107,1
15,7,1
137,149,1
161,111,0
70,75,0
52,45,1
42,55,0
40,126,0
56,14,0
1,12,1
27,33,0
38,61,0
124,45,0
69,36,0
76,159,0
23,46,0
40,85,0
67,35,1
107,70,1
96,159,1
61,98,1
13,8,1
124,76,0
3,161,1
72,55,0
12,149,0
15,75,1
206,4,0
69,45,0
9,48,0
36,39,0
52,21,0
42,74,1
33,1,0
38,126,1
67,55,0
13,172,1
48,23,1
21,61,0
4,27,1
127,85,0
72,14,0
39,37,0
76,3,0
149,42,1
98,19,0
69,7,0
159,9,0
70,46,0
36,211,1
45,206,1
56,124,1
1,107,1
33,137,1
123,111,1
123,111,1
172,127,0
8,36,1
85,67,1
48,27,1
21,33,1
75,74,1
72,35,1
12,40,1
39,98,1
55,19,1
76,124,1
137,211,1
149,52,0
161,56,0
9,7,0
42,23,0
45,46,0
37,13,0
14,15,0
19,75,1
4,40,1
15,70,1
36,111,1
96,9,0
85,8,0
21,19,1
127,172,1
75,40,1
39,137,1
74,123,1
55,67,1
76,56,0
69,206,1
161,124,0
159,23,1
52,61,1
211,37,0
42,12,0
45,27,0
1,46,0
14,35,0
33,107,1
23,96,1
126,40,1
8,172,1
48,159,1
4,45,1
127,13,0
123,12,0
75,15,0
46,33,1
55,72,1
149,74,0
98,21,0
70,1,0
19,52,0
211,39,0
37,36,1
14,67,1
27,69,1
3,27,1
127,149,0
137,149,1
127,137,0
98,161,0
8,9,0
85,149,1
21,75,0
4,13,1
127,36,0
123,74,0
12,15,0
206,211,0
69,67,1
19,42,0
7,111,1
35,76,0
40,38,1
56,39,1
37,46,0
14,3,0
27,159,1
33,52,0
172,13,0
107,46,0
126,75,0
96,48,0
61,19,1
85,127,1
3,124,1
72,67,1
74,12,0
55,35,0
15,38,1
137,36,0
206,27,0
69,4,0
9,23,1
7,1,0
52,98,1
42,123,1
56,76,1
37,211,1
33,70,0
55,27,0
67,72,1
172,85,0
8,13,1
48,9,1
21,52,0
4,206,1
123,149,0
12,42,1
76,161,0
137,39,1
98,61,0
159,96,1
70,107,0
19,7,0
36,37,0
35,14,1
40,15,0
45,69,0
56,3,0
1,33,1
38,75,0
107,1,0
23,48,0
8,127,1
61,21,0
13,85,1
124,56,0
3,76,1
12,74,1
46,70,1
39,36,0
15,126,1
206,45,0
9,159,1
19,98,1
7,67,1
35,72,1
42,149,1
37,137,0
14,55,1
27,4,0
33,69,0
38,40,0
36,15,1
67,127,1
13,56,0
12,3,0
137,27,1
7,46,0
35,38,0
42,9,1
1,19,1
4,21,0
15,52,1
36,40,1
39,127,0
9,42,1
19,1,0
56,13,0
27,137,0
38,35,0
98,159,0
161,36,0
149,36,0
37,19,0
96,127,0
161,159,0
161,127,1
67,37,1
8,3,0
13,12,0
124,96,0
127,159,1
46,85,1
39,107,1
15,48,0
137,111,1
69,61,1
70,19,0
36,56,1
7,4,0
52,72,1
38,42,1
124,72,1
111,107,0
137,39,0
96,137,1
124,111,1
72,107,0
36,123,1
123,98,1
76,149,1
127,70,0
67,74,1
85,35,0
13,27,0
12,8,1
46,14,1
55,48,1
98,61,0
69,33,1
161,75,0
159,126,1
9,3,0
7,15,0
42,52,0
40,19,0
45,23,0
56,137,0
1,21,1
37,4,1
23,98,1
96,149,1
8,27,0
61,75,1
21,42,1
127,67,0
76,159,0
15,1,0
111,126,0
137,74,0
69,13,0
9,46,1
70,40,0
19,35,1
36,55,0
7,37,0
52,12,1
211,206,1
14,56,1
33,45,0
23,35,0
127,42,0
72,76,0
12,161,1
55,52,1
19,38,0
75,37,0
3,172,1
13,45,1
9,8,0
36,46,1
7,98,1
127,21,0
9,123,1
48,85,1
14,12,0
206,46,0
21,13,0
4,74,1
9,55,0
7,149,1
1,172,1
37,36,1
48,127,1
3,33,1
12,39,0
137,126,0
14,206,1
127,69,0
7,46,0
1,35,1
3,4,1
14,13,0
21,15,0
37,85,1
48,137,1
12,9,0
46,1,0
7,35,1
13,3,0
4,14,1
85,21,0
15,37,0
137,12,0
9,48,0
7,1,1
35,46,1
13,4,0
14,3,0
21,37,0
15,85,1
12,48,0
9,137,1
7,4,0
3,46,0
37,9,0
48,21,1
7,9,1
46,48,1
7,46,0
40,45,1
23,12,0
13,76,1
124,67,1
48,46,0
4,33,1
123,161,1
3,61,0
74,15,1
55,85,0
137,38,0
206,127,0
159,72,1
19,8,0
36,21,0
52,75,1
35,149,1
42,39,0
45,98,1
56,40,0
37,9,0
14,70,0
27,96,0
69,107,1
9,206,1
1,42,0
67,46,1
23,4,0
126,38,0
8,149,0
13,39,1
21,33,0
127,98,1
75,172,1
3,76,0
74,85,0
55,124,1
15,19,1
137,7,0
161,37,0
70,36,0
52,69,1
35,45,0
211,40,0
56,159,1
14,123,1
27,72,0
172,52,0
107,75,0
23,126,1
61,1,0
123,3,0
72,67,1
46,27,0
39,74,1
76,124,1
111,33,0
149,211,1
98,137,0
159,15,0
9,48,1
19,96,0
36,4,0
7,127,1
42,56,0
45,206,1
37,13,0
14,55,0
38,70,0
67,21,0
23,36,0
126,70,0
96,159,1
61,40,0
13,85,0
124,123,0
48,52,1
4,38,1
75,107,1
3,55,0
76,14,0
206,7,0
98,35,0
69,9,0
161,74,0
42,19,0
45,137,1
56,15,1
1,8,1
37,39,1
27,111,1
33,46,0
172,69,1
107,48,0
126,4,0
85,161,1
124,3,0
21,27,0
74,37,0
55,123,1
15,96,1
111,67,0
137,127,0
149,1,0
98,206,0
159,42,0
9,75,1
70,23,0
19,56,1
7,35,1
40,211,1
33,72,1
38,36,0
55,13,1
172,9,0
107,52,0
126,85,0
8,40,0
124,76,0
3,36,0
72,21,0
46,111,1
15,75,1
206,137,0
98,7,0
69,48,0
161,39,0
35,127,1
211,149,0
42,37,0
45,56,0
1,4,1
27,33,0
39,45,0
39,127,1
124,23,0
137,75,0
67,33,0
23,137,0
126,159,0
85,40,0
124,75,0
4,9,0
3,37,0
72,149,1
46,21,1
55,7,1
76,13,0
15,35,1
69,172,0
161,19,0
36,96,0
52,45,0
56,48,0
1,211,1
38,39,1
107,172,1
8,61,1
85,37,0
13,74,1
48,75,1
21,111,1
4,70,1
127,45,0
3,14,0
72,46,0
76,55,0
15,42,1
206,35,0
36,126,1
52,9,0
56,12,0
27,67,1
38,23,0
172,48,0
23,38,1
61,149,0
13,161,1
4,126,1
127,35,0
72,27,0
46,67,1
39,85,0
76,3,0
15,74,0
137,98,1
69,52,0
159,19,0
9,107,1
36,70,1
211,8,0
40,1,0
45,7,0
56,96,0
14,124,1
33,21,1
127,19,0
149,137,1
36,67,1
3,39,1
75,21,0
67,72,1
107,69,0
126,36,0
96,56,0
85,13,0
48,172,1
127,206,1
123,14,0
74,39,0
55,76,0
9,52,1
70,12,0
19,15,0
7,45,1
35,137,1
211,61,0
42,159,1
40,8,0
1,149,1
37,161,1
27,46,0
33,111,1
96,42,0
48,69,1
21,67,1
127,7,0
123,55,0
75,9,0
12,35,0
46,33,0
74,161,1
15,40,0
111,27,0
137,206,1
98,45,0
52,107,1
1,61,0
37,19,0
36,40,1
33,76,0
67,126,1
23,42,0
8,46,1
85,27,1
21,4,1
127,61,1
123,124,0
55,15,0
111,72,0
137,35,0
206,45,0
149,96,1
69,75,0
161,70,0
9,12,0
19,14,0
36,76,1
52,172,1
37,48,1
33,40,1
38,56,0
67,111,1
172,75,0
107,9,0
61,8,1
127,137,1
3,123,1
72,33,0
39,161,1
74,13,0
159,96,1
70,126,1
36,23,1
7,98,1
52,48,1
35,206,1
42,15,0
40,149,1
45,12,1
56,19,0
37,85,1
14,76,0
27,21,0
38,4,0
126,23,0
96,15,0
8,211,1
85,74,1
124,14,0
48,107,1
21,72,1
123,76,0
75,69,1
39,37,0
55,3,0
111,46,0
137,45,0
206,98,1
149,61,0
161,13,0
159,56,0
9,172,1
70,4,1
19,42,0
36,38,1
35,7,0
1,40,0
33,27,0
36,74,1
8,1,0
61,211,1
85,39,1
13,37,1
124,55,0
48,9,0
21,46,1
4,23,1
75,52,0
72,111,0
76,123,1
15,56,1
149,40,0
70,38,0
19,159,1
7,206,1
35,98,1
42,96,0
45,127,1
14,3,0
27,12,1
33,67,0
67,27,0
172,107,0
23,70,1
96,19,0
4,36,1
75,48,0
3,124,1
46,72,1
39,13,0
55,14,0
15,159,1
111,21,0
149,8,0
98,127,0
161,85,0
9,69,0
7,137,1
211,1,0
40,61,1
45,35,0
56,42,0
37,74,1
38,126,1
96,137,1
85,72,1
75,127,0
3,12,0
206,69,0
9,15,0
19,48,0
7,13,1
1,45,1
14,27,1
70,7,0
124,38,1
48,19,1
46,39,1
36,127,1
45,1,0
27,14,1
126,33,0
124,56,0
75,111,0
46,96,1
52,107,1
67,149,0
124,107,1
75,96,0
3,45,0
55,37,1
76,21,0
15,12,1
111,46,0
98,8,0
69,85,0
161,72,0
70,127,1
42,14,0
56,52,0
27,48,0
67,72,0
126,27,0
36,149,0
85,42,0
36,123,1
159,126,0
45,8,0
23,13,0
8,27,0
37,75,0
52,70,1
12,98,1
1,35,0
27,127,0
4,39,1
3,21,1
14,15,0
15,33,0
13,36,0
98,7,0
27,69,0
1,13,1
98,33,0
40,9,0
3,14,0
12,36,1
1,33,1
37,4,0
48,15,0
12,37,1
7,9,1
14,33,0
1,3,0
15,33,1
4,7,0
12,15,0
7,3,0
12,7,1
15,3,0
74,1,0
45,161,1
56,76,0
33,126,1
38,85,0
23,39,0
96,172,1
8,111,0
61,3,0
48,40,0
21,36,1
4,46,1
127,69,0
123,72,0
75,70,0
12,37,1
55,9,0
15,13,0
206,14,0
98,27,0
159,149,1
52,124,1
35,137,1
211,67,0
21,7,1
96,67,0
48,38,1
4,172,1
127,76,0
72,3,0
12,55,1
39,19,0
15,149,0
137,37,0
98,9,0
161,61,0
159,46,0
70,74,0
36,75,0
52,85,0
42,123,1
40,126,1
45,124,1
1,206,1
67,52,0
107,8,0
126,111,0
61,39,0
85,56,1
75,7,0
3,15,1
74,21,0
76,172,1
149,42,0
98,137,0
69,4,0
9,96,1
70,1,1
19,159,1
36,40,0
35,13,0
211,12,0
45,48,0
37,206,1
27,161,1
33,72,1
206,23,0
107,75,0
85,9,0
13,172,1
124,55,1
48,211,1
21,70,0
4,69,0
123,149,0
12,72,1
46,19,1
39,27,0
15,33,1
111,36,0
137,74,1
159,61,0
7,126,1
52,96,1
35,76,0
42,3,1
40,8,1
56,98,1
37,1,1
38,45,0
172,69,0
23,14,1
96,56,1
8,126,1
61,46,0
13,4,1
3,123,1
72,15,0
74,37,0
55,48,0
111,75,0
206,21,0
98,85,0
161,39,1
9,67,1
70,137,1
36,7,1
35,127,1
40,107,1
45,12,0
27,159,1
33,42,1
38,124,1
38,206,1
8,36,0
124,12,0
48,21,0
127,96,1
75,107,1
3,46,1
55,211,1
76,13,0
15,27,0
69,35,0
161,149,0
9,4,0
7,111,1
40,19,0
45,85,1
1,52,0
36,127,1
124,39,1
137,85,0
70,38,0
67,69,0
172,107,0
8,48,0
13,19,1
124,85,0
4,1,0
72,27,1
12,14,1
76,33,0
137,39,0
161,23,0
9,35,1
36,45,0
52,159,1
211,55,0
56,127,1
111,126,1
67,56,0
13,69,1
124,45,0
48,12,0
127,35,0
123,33,0
46,27,0
55,38,1
76,4,0
111,40,1
206,70,0
149,3,0
98,96,0
159,161,0
80,39,1
9,52,0
19,61,0
36,126,1
7,8,1
42,72,1
1,21,1
172,4,0
126,75,1
85,67,0
48,124,1
3,23,1
72,123,1
12,21,0
39,159,1
55,45,1
76,127,1
15,42,1
206,137,1
161,46,0
70,37,1
36,107,1
52,98,1
40,7,0
56,9,0
1,74,1
27,19,0
33,149,1
38,211,1
23,42,0
67,98,1
126,36,0
96,85,0
8,7,0
61,27,1
21,37,0
127,13,0
123,15,0
75,40,0
3,33,1
12,211,1
46,39,1
74,206,0
111,107,0
137,1,0
149,72,1
69,76,0
19,161,1
35,172,1
56,52,0
38,48,0
172,76,0
107,36,1
61,161,1
85,96,1
13,35,0
127,4,0
123,42,0
75,8,1
3,72,1
12,45,1
46,159,1
111,126,0
137,21,0
206,1,0
149,15,0
98,67,0
19,39,1
52,56,1
37,74,1
67,161,1
107,7,0
23,48,0
96,76,1
8,40,1
61,13,0
85,38,0
21,55,0
4,12,0
127,172,1
75,111,1
46,1,0
39,15,1
137,159,0
98,72,0
80,56,0
70,206,1
52,27,1
35,36,0
211,124,0
45,3,0
14,9,1
96,52,0
13,127,1
124,107,1
4,76,1
72,33,0
39,61,1
74,1,0
15,3,0
137,70,1
98,56,0
161,27,0
159,19,0
9,85,1
7,36,0
35,69,1
211,48,0
42,149,1
40,75,0
45,55,0
37,21,0
38,12,0
67,9,0
172,13,0
126,72,0
61,159,0
85,98,1
124,211,1
48,55,1
21,206,1
4,35,1
75,36,0
3,42,0
12,52,1
74,70,1
111,8,0
149,123,1
69,127,0
161,107,0
80,37,0
19,46,0
7,40,0
45,38,0
56,96,1
1,137,1
27,39,1
33,15,0
107,40,0
126,7,0
96,98,0
8,75,0
13,76,1
124,38,1
21,1,0
4,127,1
123,3,0
46,61,1
39,161,1
74,137,0
55,12,0
15,72,1
206,37,0
159,27,0
36,111,1
52,9,1
42,33,1
45,211,1
56,67,0
14,23,1
13,45,1
67,85,0
126,40,0
8,107,1
61,19,0
21,137,1
127,80,0
75,1,0
3,149,1
72,42,1
12,48,0
55,124,0
76,96,1
111,7,0
206,74,1
98,52,0
69,172,1
161,159,0
9,56,1
36,39,0
35,4,1
211,38,0
37,70,0
27,46,0
33,123,1
23,4,0
67,96,0
172,127,0
85,52,1
48,45,1
75,126,1
12,124,1
46,161,1
76,35,1
137,206,1
149,33,1
69,13,1
159,39,1
9,98,1
70,21,1
19,27,0
36,8,1
7,107,1
42,15,0
1,37,1
38,55,0
172,35,0
107,111,0
126,8,0
96,9,1
124,48,0
21,74,1
4,13,0
72,149,0
12,38,0
39,46,0
76,69,1
15,123,1
161,19,0
7,75,0
52,67,1
211,45,0
40,36,0
56,85,0
1,70,1
37,137,1
27,61,1
33,3,0
40,111,1
96,74,1
161,107,0
126,111,0
107,96,1
161,74,1
107,74,0
23,12,0
13,9,0
124,33,0
48,36,0
4,14,1
72,137,0
46,75,1
39,45,0
76,52,1
15,7,1
111,159,0
69,40,0
161,96,0
70,85,0
56,21,0
1,3,1
27,37,0
38,19,1
36,127,1
74,123,1
172,137,0
107,111,1
23,9,0
96,27,0
61,69,0
85,75,1
21,48,0
3,4,1
39,56,0
149,126,1
98,38,0
161,206,1
80,19,1
70,72,1
7,46,0
52,35,1
42,13,0
45,74,0
1,15,1
14,12,0
33,40,1
46,124,1
27,45,1
35,111,1
13,159,1
39,46,1
55,40,0
9,33,1
14,45,1
69,36,0
37,56,1
67,36,0
48,149,1
127,72,0
12,96,0
80,111,1
74,38,0
159,107,0
35,40,1
75,27,0
9,21,0
23,161,1
48,42,1
15,8,1
137,127,1
14,206,1
127,149,0
12,40,1
39,13,0
7,72,1
52,80,1
107,46,0
61,126,1
137,149,1
9,38,1
36,21,0
37,33,0
75,96,0
172,126,0
127,123,1
149,35,0
7,27,1
14,48,0
23,13,0
12,36,1
9,15,1
52,3,0
46,37,0
1,35,1
48,7,0
14,27,0
23,36,0
13,12,1
15,52,0
9,3,1
46,35,0
37,1,0
14,7,1
27,48,1
23,12,0
36,13,0
3,15,0
9,52,1
46,1,0
35,37,1
7,12,0
13,27,0
9,35,0
1,15,0
12,27,1
35,1,0
12,1,0
67,206,1
61,85,0
21,1,0
4,48,0
127,161,1
75,76,1
12,8,1
39,80,0
74,126,0
15,23,0
111,172,1
149,159,1
98,69,0
19,55,0
7,123,1
52,137,1
35,9,0
42,70,0
45,46,0
56,13,0
37,3,0
14,124,1
33,36,1
38,72,0
67,37,0
172,4,0
107,27,0
23,3,1
8,127,1
13,111,1
124,15,0
72,55,0
39,21,0
76,14,0
206,12,0
98,46,0
69,42,1
161,7,0
159,137,0
80,85,0
19,74,0
36,56,0
52,149,0
40,123,1
45,70,1
1,61,1
33,96,1
38,126,1
67,161,1
172,96,0
126,206,0
61,127,1
13,4,0
123,52,0
75,12,0
3,40,1
74,42,0
15,72,1
111,33,0
137,46,0
149,23,1
69,9,0
159,76,0
80,55,0
70,48,0
7,21,0
35,38,1
211,36,0
56,45,1
1,107,1
37,39,1
14,98,0
27,8,0
8,107,1
85,15,0
21,161,1
4,111,1
127,1,0
123,23,0
75,126,1
72,124,0
12,35,1
46,159,1
39,67,1
98,76,0
9,74,1
36,48,1
52,3,0
211,45,0
42,19,0
40,149,1
56,70,1
37,7,0
14,137,1
27,61,1
33,13,0
38,206,1
23,40,0
96,4,0
8,1,0
61,107,1
13,172,1
48,56,1
127,27,0
72,85,0
12,38,1
46,14,0
74,69,1
55,124,1
15,80,1
137,76,0
149,123,1
98,159,0
161,39,0
70,211,1
19,9,0
7,67,0
35,75,1
45,36,1
127,137,0
127,159,1
23,27,0
126,67,0
124,96,1
21,38,0
12,4,0
46,15,0
55,36,0
98,8,0
161,74,0
159,149,0
80,69,1
9,37,1
70,39,0
52,72,1
211,48,0
40,85,1
45,206,1
56,61,0
14,75,1
33,19,1
127,149,0
40,36,0
149,36,0
124,40,0
45,33,0
172,149,0
23,37,0
8,56,1
124,45,1
127,111,0
12,19,0
46,21,0
55,72,1
76,39,1
137,107,0
206,74,0
69,159,0
161,67,0
7,75,1
52,13,0
211,70,0
40,33,0
1,4,1
14,85,0
38,36,0
74,123,0
67,39,0
107,127,0
8,61,0
124,72,1
4,45,1
12,206,1
55,85,0
76,46,0
149,3,0
98,137,0
161,21,0
159,14,0
80,15,0
9,42,1
70,36,1
7,37,0
52,40,0
35,126,1
56,48,0
1,27,1
38,75,0
172,13,0
23,52,1
61,8,1
85,124,1
48,45,0
21,67,1
4,33,1
127,107,1
3,149,1
72,80,0
46,76,1
39,161,1
15,55,0
111,96,0
137,98,1
206,35,0
9,69,1
70,56,1
19,75,1
36,211,1
42,74,1
40,37,1
14,159,1
27,1,0
38,12,0
38,127,1
27,126,1
48,161,1
3,27,1
67,7,0
126,38,0
96,172,1
85,55,0
13,33,0
124,80,0
75,206,1
72,159,0
74,9,0
15,70,1
111,4,0
149,52,0
69,19,0
40,23,1
45,211,1
37,21,0
126,1,0
67,72,0
96,159,0
4,172,1
127,7,0
123,40,0
75,35,0
69,74,1
9,19,1
37,161,1
33,111,1
67,124,1
107,159,0
126,12,0
96,13,0
85,137,1
48,8,1
123,3,0
39,52,0
74,45,0
206,7,0
98,149,0
69,1,0
161,72,1
80,38,1
9,4,0
70,76,0
19,42,1
36,46,1
56,211,1
37,75,1
14,15,0
33,27,0
107,61,0
23,123,1
126,75,0
85,80,1
13,96,1
124,55,0
21,7,0
4,56,1
3,52,0
72,15,0
39,37,0
74,19,0
76,137,0
159,98,0
36,70,0
35,206,1
42,69,1
45,48,0
1,8,1
14,46,1
27,127,1
33,172,1
67,21,0
172,111,0
107,8,1
96,33,0
61,27,0
48,211,1
4,13,1
123,149,1
12,126,1
39,7,0
74,72,1
76,98,1
15,85,1
137,14,0
206,75,0
161,37,0
159,46,0
80,124,0
70,45,0
19,69,1
52,23,0
42,9,0
40,3,0
56,36,1
1,127,1
38,35,0
107,1,0
23,149,1
96,111,1
8,27,1
124,85,1
48,36,1
21,37,1
127,61,0
75,38,1
3,123,1
46,137,1
55,15,0
76,159,1
206,126,0
98,14,0
80,72,1
7,39,1
35,12,0
40,52,1
45,56,0
33,4,1
172,33,0
126,35,0
61,1,0
85,72,1
48,70,0
21,39,0
4,96,1
127,8,1
3,23,1
12,75,0
46,98,1
55,80,0
15,124,1
111,13,0
137,159,1
206,38,0
149,40,1
36,45,0
7,161,1
52,123,1
211,56,0
37,67,1
14,76,0
27,107,1
8,39,1
13,206,1
127,67,0
46,33,0
55,3,0
15,9,0
98,74,0
70,40,0
36,52,0
7,61,1
35,56,1
14,19,0
38,42,1
23,1,0
126,48,1
61,7,0
3,55,0
15,37,1
161,85,0
80,96,1
56,35,1
33,46,0
67,70,1
107,96,0
23,21,1
8,13,0
124,74,0
3,1,0
72,127,1
39,35,0
111,159,0
98,126,0
69,80,1
161,75,0
36,85,1
52,76,0
42,48,1
45,19,0
38,37,0
74,123,1
12,161,1
23,13,0
8,85,1
127,75,1
27,48,1
13,38,1
80,67,0
33,149,1
126,159,0
127,13,0
70,27,0
126,69,0
39,12,0
74,172,1
19,80,1
36,75,0
37,61,1
33,52,1
67,172,1
96,37,0
19,33,0
52,69,0
40,36,0
12,61,1
98,123,0
9,39,1
14,15,0
1,36,1
9,21,1
1,14,0
12,40,0
149,137,0
127,137,0
149,127,1
56,4,0
45,15,1
12,4,1
9,45,1
1,7,1
12,1,0
9,1,0
23,14,0
124,172,1
48,137,1
21,12,0
4,39,1
127,123,1
75,8,1
74,206,0
149,96,0
161,69,0
159,72,0
80,70,1
19,3,1
35,85,1
40,46,0
45,13,0
37,42,1
27,52,1
33,9,0
38,98,1
76,161,1
172,35,0
107,55,0
8,12,0
4,85,1
127,15,0
123,40,0
3,96,0
46,72,0
74,19,0
111,27,0
137,13,0
206,1,0
149,42,0
98,61,0
159,75,1
80,38,1
7,124,0
52,67,0
211,9,0
45,69,1
56,70,0
37,39,1
36,33,0
67,98,1
23,111,1
96,52,0
61,3,0
85,80,0
13,46,0
48,149,0
21,74,1
72,76,0
12,126,1
39,159,1
55,172,1
15,123,1
69,107,0
161,137,0
9,75,1
19,7,1
35,45,0
42,206,1
40,56,0
37,211,1
14,4,0
27,8,1
67,61,0
172,69,0
107,45,1
23,126,1
124,19,0
48,42,1
72,161,1
12,27,1
46,137,1
39,211,1
55,35,0
111,8,0
98,96,0
159,9,0
80,14,1
70,15,0
7,21,1
40,127,0
56,123,1
1,149,1
38,85,0
3,52,1
76,13,0
107,172,1
126,27,1
96,67,1
8,23,0
13,19,1
21,124,1
4,80,0
127,56,0
123,70,0
75,39,0
3,98,1
46,76,1
74,7,0
15,40,1
111,12,0
137,72,0
206,48,0
69,35,0
9,37,1
211,159,0
42,1,0
45,55,0
14,38,1
42,123,1
67,69,0
23,46,0
85,40,0
13,161,1
21,48,0
4,3,0
127,206,0
75,211,1
39,149,1
55,19,0
76,74,1
15,52,0
80,126,1
9,27,1
7,1,1
35,8,0
45,61,0
56,72,0
37,12,0
14,33,0
61,36,0
159,36,0
124,37,0
55,38,1
52,33,0
67,56,0
172,159,0
107,72,0
126,39,0
96,111,0
8,75,0
13,48,1
124,52,0
21,4,0
12,15,0
76,40,0
98,45,1
161,14,0
9,23,1
19,36,0
211,206,0
42,70,1
37,33,0
202,123,1
23,8,0
39,9,0
149,36,1
98,3,0
40,70,1
56,15,0
1,48,1
67,96,1
172,45,0
107,35,0
61,52,1
85,14,0
124,74,0
72,13,1
12,111,1
55,69,1
76,137,1
161,46,0
19,21,0
38,4,0
8,126,1
124,85,0
48,206,1
127,40,0
3,13,0
46,36,0
76,72,1
149,1,0
9,39,1
70,56,0
7,75,1
52,98,1
45,21,0
37,159,1
27,23,1
33,15,0
55,70,1
38,42,0
38,70,1
55,42,1
23,12,0
96,3,0
8,27,0
13,72,1
123,56,0
15,127,1
111,126,1
206,149,1
98,39,0
159,37,0
52,61,1
211,75,0
4,14,0
46,161,1
74,21,0
137,76,0
69,55,0
80,85,0
7,19,1
35,107,1
45,172,1
33,3,0
23,137,1
126,12,0
96,98,1
61,67,1
123,127,1
15,55,0
19,149,1
211,39,0
37,75,1
36,3,0
67,80,1
23,45,0
126,69,0
96,85,1
61,46,0
124,159,1
39,74,1
55,13,0
15,1,1
137,75,0
206,14,0
149,107,1
70,123,1
19,48,1
36,72,1
7,98,1
35,40,1
211,52,0
42,21,1
56,8,0
27,127,1
33,37,0
67,3,0
172,107,0
126,8,0
96,61,0
85,4,0
124,7,0
123,15,0
75,159,1
72,137,0
12,23,1
39,37,1
55,45,0
76,46,0
149,206,0
98,52,0
161,13,0
9,211,1
70,40,0
19,74,1
35,69,1
56,127,0
27,111,1
38,80,1
42,48,0
23,27,0
126,111,1
61,96,1
13,76,1
48,33,1
21,19,1
4,38,1
127,70,1
75,9,0
74,124,1
15,56,1
137,46,0
98,67,1
69,172,1
161,72,0
159,39,0
36,12,0
52,3,0
35,55,0
211,37,0
42,149,1
40,123,1
45,107,0
1,206,1
14,85,1
172,55,0
107,69,1
126,23,0
8,111,1
61,98,1
124,21,0
48,1,0
75,37,0
3,67,1
46,13,1
137,161,1
80,4,0
9,159,1
70,127,0
7,74,1
52,96,0
40,15,0
45,35,0
27,12,0
33,85,1
38,14,1
206,42,0
67,52,0
96,36,0
85,38,0
13,137,1
21,7,1
127,33,0
3,61,0
72,46,0
12,8,1
39,75,0
55,107,1
15,70,1
111,23,0
149,48,0
69,45,0
161,76,0
159,211,1
19,124,1
35,172,1
56,40,1
1,42,1
37,9,1
14,80,1
27,126,1
67,126,0
8,52,1
61,7,0
124,42,0
48,80,1
21,37,1
127,55,0
72,159,1
46,35,0
39,206,1
9,14,0
36,15,0
27,13,0
33,12,0
4,1,1
38,19,1
13,27,0
21,75,1
4,37,1
3,8,0
12,9,1
46,52,0
55,127,0
98,14,0
69,67,0
80,48,0
36,39,1
7,61,1
33,23,1
107,40,0
23,75,1
13,37,0
124,40,0
21,35,0
4,9,0
72,67,1
12,3,0
46,8,0
39,85,0
55,48,0
76,33,0
137,111,0
98,69,1
161,206,1
159,96,0
80,74,1
70,19,0
36,7,0
56,42,0
27,45,0
137,36,0
72,27,0
8,80,0
13,127,1
48,76,1
75,27,1
46,56,0
55,61,1
9,85,0
19,4,0
36,45,1
7,69,0
1,40,1
14,12,1
3,74,1
33,127,1
85,27,0
149,35,0
126,172,0
9,45,1
37,74,1
14,52,0
107,46,0
3,40,1
12,76,1
23,33,1
48,39,0
127,75,0
15,35,0
137,149,1
4,8,1
98,161,0
9,70,1
19,13,0
36,172,1
7,27,0
127,149,1
75,137,0
39,55,0
107,111,1
23,52,0
3,127,1
37,40,1
27,33,1
96,149,0
36,46,0
35,48,1
12,7,1
9,21,0
55,13,0
1,15,0
3,4,0
33,37,1
46,48,0
36,35,0
21,7,0
9,12,0
15,13,0
1,55,1
37,4,0
33,3,0
46,35,1
36,48,0
21,12,0
7,9,1
13,1,0
15,55,1
37,3,1
33,4,0
48,7,0
12,46,1
1,3,1
4,15,0
7,1,0
12,15,0
1,15,1
206,172,1
211,161,0
67,159,0
107,96,0
23,27,1
8,9,1
85,124,1
13,14,0
21,45,0
4,15,1
127,36,1
39,76,0
74,123,1
98,72,0
69,149,1
80,137,1
70,75,0
19,46,0
40,55,0
56,52,1
33,48,0
38,61,0
67,124,1
172,39,0
126,76,0
85,15,0
13,69,1
127,52,0
75,3,0
72,96,1
12,123,1
74,19,1
111,55,0
137,46,0
206,61,0
149,45,0
98,7,0
161,107,0
159,4,0
80,36,0
9,27,1
35,70,1
56,14,0
38,8,0
21,48,0
42,40,0
23,12,0
8,13,0
61,137,1
85,107,1
124,74,1
48,75,0
4,33,0
3,96,1
72,1,0
46,149,1
39,9,0
76,35,0
15,161,1
70,98,0
19,56,1
36,159,1
7,126,1
52,172,1
211,80,0
42,69,0
40,38,1
45,206,1
37,111,1
14,67,1
27,127,1
67,74,0
107,15,0
96,1,0
85,21,0
48,161,1
4,211,1
127,39,0
123,37,0
75,72,0
46,61,0
55,12,0
111,23,0
206,149,0
98,76,0
69,13,0
159,33,0
9,172,1
35,7,1
40,8,0
45,137,1
56,124,1
14,19,0
27,52,0
38,42,1
67,56,1
172,127,0
23,111,1
96,72,1
8,42,1
61,149,1
13,38,1
124,19,0
48,85,0
123,55,0
12,37,0
39,27,1
74,14,0
76,98,1
15,21,1
137,206,1
69,40,1
7,70,0
52,9,0
35,126,1
211,159,0
45,46,0
1,3,0
33,80,0
36,4,0
172,74,0
107,149,1
85,33,0
124,75,0
48,45,1
39,19,0
55,46,0
76,96,0
15,3,0
206,161,0
98,42,0
69,56,1
80,211,1
9,12,0
70,126,0
52,8,1
37,4,1
27,21,0
69,36,0
37,75,1
107,98,0
67,72,0
126,206,1
8,45,1
124,40,0
3,12,0
46,14,0
39,96,0
74,35,0
55,36,1
76,75,1
69,21,1
161,70,0
159,111,0
9,15,0
19,33,0
42,127,1
56,61,0
27,48,0
38,23,1
172,27,0
23,123,1
61,46,1
85,161,1
13,40,1
48,21,0
3,72,1
39,52,0
76,7,0
111,12,0
206,137,0
98,126,0
69,8,0
159,80,0
9,127,1
19,67,0
36,33,0
211,4,0
42,38,0
45,149,0
56,74,0
1,75,0
37,55,0
124,14,0
67,149,1
107,48,0
126,7,0
8,69,1
21,85,0
127,172,1
3,1,0
12,111,1
55,23,0
98,75,0
161,15,0
80,4,0
9,52,1
70,76,0
36,211,1
40,42,1
45,37,0
27,39,0
33,159,1
38,13,0
27,137,0
4,55,0
15,211,1
27,56,0
55,72,1
127,96,0
37,69,1
111,85,0
36,206,1
21,72,1
67,19,0
107,161,0
23,37,1
126,98,0
8,40,1
13,42,0
48,15,0
75,96,1
74,56,0
55,123,1
137,61,0
206,45,0
149,46,0
159,36,0
80,33,0
7,35,1
14,124,1
13,7,0
96,75,0
21,107,0
19,69,1
1,55,1
37,123,1
1,15,0
67,107,1
23,46,0
126,161,1
96,80,0
8,3,0
4,42,1
127,137,0
75,56,1
39,48,0
74,123,1
111,72,1
206,13,0
98,149,1
69,85,1
159,172,0
70,35,1
36,21,1
7,9,0
52,45,0
37,19,1
33,76,1
38,55,0
61,45,0
48,107,0
4,159,1
127,9,0
75,1,0
72,3,0
12,23,1
55,37,0
15,85,1
111,123,1
137,149,1
206,46,0
69,38,1
161,21,0
70,7,0
19,124,1
36,80,0
52,39,1
35,98,1
42,8,0
40,13,0
56,67,1
14,74,0
27,172,1
33,211,1
76,126,0
172,9,0
107,21,0
23,55,1
96,3,0
124,56,0
123,12,0
72,75,0
46,137,1
39,127,1
74,67,1
15,48,1
111,37,0
149,206,1
98,70,1
69,42,0
161,85,0
19,14,0
52,27,0
35,76,1
211,36,0
45,61,0
33,4,0
38,40,0
67,14,0
172,52,0
107,85,1
126,70,1
61,206,1
13,8,0
21,15,0
4,80,1
127,27,0
123,111,0
12,55,1
46,45,1
74,124,1
149,137,1
98,35,0
161,48,0
159,211,1
9,39,1
7,76,0
56,19,1
1,96,1
37,23,1
33,36,1
38,69,1
126,35,0
8,38,0
85,48,0
124,67,0
21,161,1
4,36,1
123,23,0
3,75,1
46,206,1
39,172,1
55,111,1
76,70,0
15,107,0
137,45,0
149,61,0
80,159,0
19,74,0
7,98,1
52,127,1
211,33,0
42,13,1
40,69,1
1,72,1
37,12,0
14,56,1
27,9,0
96,67,0
21,19,1
127,126,1
46,52,1
74,13,0
55,137,1
15,12,0
36,45,0
7,37,1
35,40,0
27,70,1
33,3,1
38,75,0
98,80,0
159,149,0
13,74,1
4,12,0
3,33,1
202,45,0
206,127,0
161,123,1
19,42,0
36,55,0
52,46,0
37,7,0
27,96,1
159,19,0
159,37,0
19,36,0
159,36,0
74,37,0
202,123,0
67,161,1
172,159,0
85,96,1
124,70,0
48,19,0
4,21,1
3,9,1
72,206,1
202,127,0
39,75,0
55,40,0
76,45,0
111,149,0
69,137,1
36,42,0
35,107,1
1,15,1
14,13,0
27,37,1
38,74,1
12,36,0
75,48,0
78,27,0
206,96,0
39,21,0
45,80,1
55,27,0
8,98,1
127,202,0
35,45,1
3,19,1
21,37,1
75,149,0
137,127,0
23,74,0
67,52,0
75,127,1
15,55,0
137,149,1
19,35,0
7,46,0
37,8,0
48,23,0
202,161,1
39,67,1
74,127,1
15,98,0
9,38,1
12,107,1
36,149,1
39,111,1
211,67,0
55,7,0
1,9,0
4,15,0
12,7,1
14,3,0
8,35,1
3,12,0
21,27,0
4,19,1
137,107,1
35,126,1
33,159,1
61,206,1
13,124,1
3,1,1
15,9,1
45,161,1
37,127,1
21,107,1
123,75,0
72,55,0
12,42,1
202,36,0
46,52,0
39,70,0
7,67,0
40,3,0
23,37,0
127,56,1
98,96,0
80,159,1
35,206,1
211,149,0
1,69,1
14,4,0
33,45,0
172,38,0
126,85,0
61,124,0
13,161,1
48,9,1
74,27,1
111,137,0
19,15,0
96,33,0
4,211,1
206,80,0
149,127,1
69,98,1
159,23,0
45,1,1
56,14,1
37,35,0
8,172,1
85,13,0
124,76,0
15,126,1
137,74,0
161,19,0
9,111,1
27,48,0
38,61,0
67,21,0
107,40,0
75,46,0
3,7,1
55,202,1
70,123,1
36,12,1
52,39,0
42,72,1
23,80,1
96,45,0
127,4,0
149,56,0
98,1,0
35,159,0
37,206,1
33,69,1
172,76,0
61,8,0
13,126,1
74,9,1
111,48,0
137,27,0
161,15,0
19,85,1
38,124,1
107,3,0
21,7,0
123,39,0
75,52,0
12,55,0
202,72,0
46,70,0
36,42,0
211,14,0
40,67,0
8,74,1
19,127,0
3,67,0
72,36,0
12,202,1
46,123,0
39,75,1
7,107,1
52,70,1
42,55,1
40,21,0
23,35,1
4,56,1
98,33,0
69,45,0
159,206,0
80,37,0
211,127,0
1,96,1
14,149,1
126,19,0
8,38,0
85,161,0
124,172,1
48,74,1
76,61,1
15,13,0
9,137,1
27,111,1
3,37,1
46,40,0
39,35,0
15,67,1
36,14,0
52,21,1
42,4,0
45,75,1
1,12,0
33,149,0
75,37,1
111,159,0
72,161,1
42,70,1
4,149,1
206,23,0
69,96,0
159,37,0
45,98,1
56,211,1
1,33,1
14,127,1
172,61,0
126,161,1
8,124,1
85,15,0
13,19,1
48,137,0
76,38,0
111,74,0
9,27,0
67,107,1
3,21,1
72,12,0
39,46,0
55,36,0
70,75,1
7,40,1
52,123,1
42,202,1
23,61,0
127,74,0
76,8,0
15,4,0
206,211,1
98,27,0
9,1,1
35,111,0
45,48,1
33,137,0
39,149,1
13,202,1
3,8,0
55,4,0
35,96,1
40,126,1
21,80,1
161,149,1
19,37,0
27,85,1
75,127,0
72,33,0
98,159,0
14,206,1
172,124,0
61,76,1
13,15,0
74,48,1
111,27,0
137,9,0
161,85,0
19,126,0
38,8,1
67,3,1
107,7,0
21,40,1
123,46,1
75,39,0
202,12,0
55,42,0
70,52,0
36,72,1
96,1,0
127,211,1
206,159,0
149,14,0
35,23,0
45,69,1
56,4,0
37,80,1
33,98,1
15,7,0
36,46,0
126,13,0
8,61,1
85,19,0
124,38,0
48,111,1
76,172,1
15,161,1
9,74,0
27,137,0
21,67,0
123,70,0
72,42,1
12,36,1
202,55,0
46,75,0
39,52,0
7,3,0
40,107,1
23,159,1
127,149,1
98,69,1
80,206,1
35,37,1
211,4,0
1,45,1
14,56,1
33,96,1
61,172,1
124,8,0
74,111,0
15,85,1
137,48,0
161,126,0
19,13,1
27,9,1
38,76,0
67,7,0
107,21,0
75,123,1
3,40,1
55,72,1
70,39,0
36,202,1
52,46,0
42,12,0
96,98,1
4,14,1
206,35,0
149,211,1
69,1,0
159,80,0
45,33,0
56,127,1
37,23,0
67,40,0
3,107,1
72,202,1
39,123,1
55,12,1
70,46,1
7,21,1
52,75,0
42,36,0
4,127,1
206,37,0
69,33,0
159,35,0
80,23,0
45,96,0
56,149,0
1,98,1
14,211,1
172,8,0
126,15,0
61,38,1
13,85,1
48,27,0
74,137,0
76,124,0
111,9,0
19,161,1
107,67,0
21,3,0
123,52,0
75,70,0
12,72,1
202,42,0
46,39,1
36,55,1
40,7,0
23,206,1
96,69,0
127,14,0
149,4,0
98,45,0
35,80,1
211,56,0
37,159,1
33,1,0
8,76,1
85,126,1
124,61,0
15,19,1
137,111,0
161,13,0
9,48,0
27,74,1
38,172,1
127,72,1
69,80,1
19,39,0
8,15,1
61,55,0
48,40,1
3,12,1
78,67,0
98,46,1
70,137,1
36,74,1
45,14,1
1,4,1
38,9,0
35,7,1
37,21,1
33,56,1
39,19,1
67,72,0
55,61,1
23,14,0
126,159,1
21,37,0
4,3,1
15,52,0
98,7,0
36,48,1
35,13,0
45,74,1
56,33,0
27,46,0
37,127,0
37,75,1
75,74,0
13,76,1
202,206,0
36,40,1
52,149,1
56,69,1
48,42,0
21,74,1
127,19,0
46,80,1
15,1,0
161,159,0
27,37,1
33,124,1
38,70,0
107,96,0
55,14,1
98,61,0
9,3,0
7,85,0
45,137,0
23,67,1
126,111,0
12,4,0
39,13,0
36,75,1
35,149,1
52,1,0
172,159,0
206,123,0
70,56,1
33,38,1
23,27,0
4,9,0
127,40,0
3,35,1
72,111,0
12,15,1
202,137,0
46,74,0
55,45,0
98,67,0
69,85,0
80,96,0
19,75,1
7,8,1
42,21,1
37,48,0
14,61,0
4,27,1
40,124,1
126,172,0
13,159,1
48,161,1
55,9,0
70,96,1
45,72,1
14,8,0
126,69,0
61,1,0
12,45,0
15,42,1
149,127,1
7,19,1
52,33,0
27,80,1
37,56,0
23,161,1
55,96,0
40,76,1
8,75,0
48,35,1
127,172,1
137,149,1
19,74,1
36,9,0
4,7,1
67,33,0
61,21,0
123,78,0
52,72,1
14,159,1
23,9,0
13,211,1
127,137,0
3,42,1
12,39,1
45,70,0
8,19,1
35,40,0
56,27,0
37,38,1
74,206,1
15,75,1
36,149,0
85,21,0
1,72,0
7,127,1
3,52,1
67,14,0
4,35,0
38,45,1
12,33,1
36,70,1
27,13,0
8,15,0
55,37,0
1,48,1
23,39,0
7,74,0
3,67,1
52,14,0
35,45,0
4,38,1
12,36,0
33,70,0
48,13,0
15,37,1
1,27,1
8,55,1
74,39,0
7,23,0
3,14,0
52,67,0
35,38,0
45,4,0
13,1,1
48,27,0
70,12,0
33,36,0
39,7,0
74,23,1
15,55,0
37,8,0
13,7,0
14,36,0
38,70,1
3,55,1
12,45,1
39,8,0
4,74,0
15,1,1
36,7,0
38,8,1
12,15,0
3,74,1
7,38,1
3,12,1
3,7,0
48,107,1
21,206,1
127,161,0
12,75,1
19,96,0
27,35,0
8,1,0
15,3,0
9,46,0
7,202,1
137,98,1
48,70,0
21,107,1
111,36,0
149,56,0
161,42,0
19,12,0
52,80,0
211,126,0
45,4,0
67,69,1
13,27,0
75,78,0
72,23,0
76,15,0
40,55,0
1,206,1
33,74,0
38,159,1
172,137,0
96,3,0
61,127,1
85,98,1
124,8,0
123,39,0
202,46,0
37,9,0
14,7,1
23,38,0
74,75,1
55,72,1
15,1,0
78,13,0
206,67,0
69,76,0
159,40,0
27,33,0
8,61,1
127,202,1
3,85,1
46,124,1
39,14,0
137,123,0
98,37,0
9,96,1
7,172,1
107,52,0
126,19,1
4,161,1
12,48,1
80,111,1
70,211,1
36,21,1
42,149,0
56,45,1
67,1,0
75,13,0
74,27,1
76,206,1
69,15,0
159,55,0
40,23,1
33,78,1
38,72,0
172,14,0
96,98,0
61,124,1
127,46,0
123,7,0
202,8,0
137,39,0
9,3,0
37,85,1
48,126,0
21,80,0
12,70,1
111,52,0
149,161,1
19,211,1
36,107,1
45,42,1
56,4,0
46,96,0
9,8,0
107,80,1
48,19,1
21,111,1
4,42,1
3,37,1
161,56,0
70,126,1
52,36,0
211,12,0
45,149,1
67,76,0
23,55,0
13,74,1
72,159,0
206,15,0
1,69,1
27,78,1
33,75,1
38,40,0
8,127,1
85,96,1
124,202,1
46,61,0
39,172,1
98,9,0
7,137,1
14,123,1
36,56,0
23,45,0
48,21,0
4,1,0
15,12,0
161,74,0
70,13,0
35,52,1
33,40,1
211,159,0
124,111,1
48,149,1
12,4,1
23,159,1
13,33,1
72,40,0
55,38,0
15,67,1
78,74,0
206,69,0
1,76,1
27,75,1
172,123,0
8,46,0
61,202,1
85,9,1
124,127,0
98,3,0
7,39,1
37,96,1
14,137,1
107,111,1
126,12,0
4,149,1
161,45,0
80,36,0
70,19,1
52,21,0
211,48,0
42,56,1
27,159,1
67,61,0
23,75,0
127,13,1
3,1,0
72,137,1
55,74,0
69,96,1
9,15,0
7,37,0
35,8,0
15,211,1
14,96,1
7,124,1
98,67,1
8,48,1
39,35,0
69,27,0
21,12,0
76,159,0
161,33,1
75,206,0
172,39,1
96,85,1
61,46,0
127,8,0
123,14,0
202,124,0
137,7,0
9,98,1
37,3,1
126,70,0
12,211,1
111,21,0
149,45,0
80,107,1
19,48,0
36,52,1
42,4,0
56,161,1
75,33,0
74,13,1
55,23,0
76,67,0
15,206,1
78,27,0
69,1,0
159,72,0
40,38,0
137,127,0
3,4,1
19,37,0
35,7,0
8,202,1
85,37,1
124,61,1
3,9,1
46,127,0
39,137,1
98,96,1
7,123,1
14,172,1
48,12,0
21,36,1
111,80,0
149,42,0
161,4,0
19,126,1
52,107,1
211,70,0
45,56,1
67,206,1
13,78,1
75,74,1
72,55,0
76,69,0
40,159,1
1,15,1
33,27,1
38,23,1
96,37,0
127,124,1
123,172,1
3,98,0
202,61,0
46,8,0
39,7,0
137,14,0
9,85,1
107,21,0
126,211,1
4,45,1
12,19,1
80,52,1
70,48,1
36,111,1
42,161,1
56,149,1
23,72,0
74,33,1
55,40,0
15,76,1
78,75,0
206,1,0
69,67,0
159,38,0
27,13,1
107,36,0
126,48,0
4,56,1
161,149,0
80,21,0
70,12,0
52,111,1
211,19,0
42,45,1
23,40,1
13,75,0
72,38,0
55,159,1
15,69,0
78,33,0
206,76,0
1,67,1
27,74,0
172,7,0
96,9,0
61,8,0
85,3,0
124,46,0
123,137,0
202,127,0
37,98,1
14,39,1
48,211,1
21,52,0
12,126,1
111,107,0
149,4,0
19,70,1
36,80,1
45,161,1
56,42,0
67,15,0
75,27,0
74,78,1
76,1,0
69,206,1
159,23,0
40,72,1
33,13,0
38,55,0
8,124,1
127,61,0
3,96,1
46,202,1
39,123,1
137,172,1
98,85,0
9,37,1
7,14,1
74,48,0
107,96,1
13,46,1
75,127,1
98,39,1
70,14,0
52,27,1
42,9,0
4,12,0
3,38,1
72,124,1
37,15,1
33,45,1
21,55,0
69,19,1
46,13,0
161,127,0
14,70,0
107,124,1
72,96,0
15,37,0
78,137,1
27,67,0
12,3,0
55,21,0
52,9,0
35,1,0
45,19,1
127,37,0
21,37,0
126,159,0
172,206,1
123,137,0
161,98,0
23,56,1
126,96,0
85,61,0
124,80,0
75,69,0
12,1,0
46,14,0
39,111,0
9,4,0
27,55,1
107,127,0
72,149,1
76,52,0
123,206,1
202,137,1
67,19,0
85,111,1
75,161,1
7,9,0
107,149,0
126,69,0
4,15,0
72,127,1
39,42,0
98,23,0
80,27,0
52,37,1
35,3,0
56,96,0
3,55,1
61,80,0
67,78,0
107,161,0
23,35,1
127,149,1
45,9,0
3,15,1
161,72,0
80,56,0
37,21,0
8,7,0
23,12,1
74,19,0
137,127,1
67,33,0
1,14,0
15,9,0
107,159,0
35,27,0
52,75,1
98,72,1
111,126,1
149,137,0
96,39,0
137,126,0
75,96,1
36,149,1
7,1,0
40,14,0
12,37,1
21,3,0
74,13,0
4,8,0
35,1,0
13,21,0
37,14,1
37,4,0
35,13,0
3,8,1
13,4,1
8,4,1
3,13,1
45,21,1
12,3,0
48,33,0
38,55,1
19,124,1
56,85,0
111,72,0
137,172,0
107,206,1
202,69,0
23,37,1
7,13,0
15,36,0
27,35,0
67,76,1
149,40,0
52,80,0
123,161,1
126,78,0
42,8,0
14,74,1
4,1,0
70,61,0
75,39,1
127,46,0
96,211,1
98,159,1
3,9,1
33,45,1
21,38,1
85,19,1
124,56,1
72,137,1
69,107,1
206,202,1
7,15,1
37,27,0
42,67,1
80,149,1
40,52,0
172,111,0
78,123,1
161,126,0
35,48,1
74,8,0
1,13,1
61,23,1
39,46,1
75,127,1
211,98,0
159,96,0
4,14,1
70,76,1
36,55,0
15,33,0
36,7,0
35,37,0
76,42,1
80,40,0
149,52,0
123,126,0
78,161,1
3,74,0
27,61,0
38,1,0
8,14,1
13,4,0
23,70,1
127,75,0
46,39,1
96,98,1
159,211,1
9,12,1
45,48,0
55,21,0
19,56,1
85,124,1
137,111,0
72,172,1
107,202,0
69,206,1
36,15,0
35,27,1
76,67,1
52,40,0
149,80,0
123,78,0
126,161,0
42,7,0
74,14,0
1,4,0
61,70,1
127,39,0
75,46,1
98,211,1
96,159,0
3,12,1
33,48,1
55,38,0
19,85,1
56,124,0
111,172,1
137,72,0
107,69,1
202,206,1
8,9,0
21,23,1
37,45,0
8,74,1
13,1,1
23,61,0
39,127,1
46,75,1
172,72,0
111,137,0
98,96,0
211,159,0
12,35,1
36,48,0
55,70,0
9,3,1
45,33,1
38,21,0
56,19,0
124,85,0
202,107,0
206,69,0
15,7,0
27,37,0
67,42,0
40,80,1
52,149,1
161,78,0
126,123,1
14,8,1
4,13,1
70,23,0
46,127,0
39,75,1
211,96,0
159,98,0
1,61,1
12,9,0
48,45,1
21,55,0
85,56,0
124,19,0
172,137,0
72,111,1
69,202,1
206,107,0
7,36,0
37,35,1
42,76,1
80,52,0
40,149,1
78,126,1
161,123,0
67,38,1
27,33,0
75,37,1
127,75,1
74,37,0
127,74,0
111,159,1
12,40,0
78,21,0
70,127,1
9,96,1
13,126,1
45,39,1
23,36,0
69,137,1
76,56,0
124,211,1
8,35,1
111,42,1
85,80,0
4,48,1
7,33,0
98,149,1
67,27,0
172,74,0
159,3,0
72,14,0
202,55,0
161,123,1
37,52,1
1,19,1
61,107,1
15,75,1
206,46,0
70,96,1
9,12,0
38,45,1
39,13,1
76,23,1
36,137,1
56,69,0
211,42,0
111,35,0
124,8,0
126,149,0
78,85,0
80,4,0
7,40,0
98,33,0
27,159,1
172,67,0
3,74,1
202,127,0
55,72,1
14,21,0
161,1,0
19,37,0
52,123,1
61,46,0
15,206,1
107,75,0
27,46,1
7,14,1
4,9,0
48,85,1
80,78,0
149,98,0
33,40,1
72,202,1
21,55,0
123,1,0
19,52,0
37,161,1
23,56,1
69,36,0
137,76,0
127,70,0
96,12,0
13,38,1
126,39,0
74,67,1
159,172,1
27,3,1
35,211,1
42,124,1
8,111,1
75,61,1
107,206,1
46,15,0
14,4,0
7,9,1
48,80,1
85,78,0
40,149,1
33,98,1
55,202,1
21,72,1
123,19,0
161,52,0
1,37,1
69,23,0
36,76,1
137,56,0
12,127,1
96,70,0
126,45,0
39,38,1
74,27,1
67,159,1
172,3,0
111,211,1
8,42,1
35,124,1
15,61,1
206,75,0
46,107,0
80,39,1
70,98,1
55,14,0
202,21,0
123,37,0
19,161,1
52,1,0
76,69,0
107,15,0
61,206,1
75,46,1
127,96,0
12,9,0
38,126,1
45,13,0
23,137,1
56,36,1
124,111,0
42,35,0
211,8,0
78,48,1
4,85,1
149,33,0
40,7,0
74,159,1
3,67,1
27,172,1
14,202,1
72,21,0
52,161,1
1,123,1
37,19,0
107,61,1
75,15,0
46,206,0
38,96,1
70,12,0
127,9,0
126,13,0
39,45,0
36,23,0
56,76,1
137,69,0
42,8,0
35,111,1
211,124,0
55,85,1
4,78,1
80,48,0
98,40,0
149,7,0
67,74,1
3,172,1
159,27,0
96,127,0
9,70,1
13,39,1
45,38,0
23,76,1
69,56,1
137,36,0
111,124,0
8,211,1
35,42,1
78,202,1
48,4,1
80,85,0
7,98,1
33,149,1
74,3,0
172,159,1
27,67,1
72,55,0
21,14,1
123,52,0
161,37,0
19,1,0
61,75,1
15,46,1
206,107,0
96,9,0
127,12,0
39,126,1
38,13,0
36,69,1
56,23,0
42,211,1
124,35,0
111,8,0
78,80,1
85,4,0
149,40,0
33,7,1
74,172,1
3,27,0
159,67,0
48,70,0
202,72,0
14,55,1
123,161,1
37,1,0
52,19,0
76,137,1
75,107,1
206,15,0
46,61,1
21,98,1
4,80,1
48,78,1
7,149,1
40,98,1
27,74,0
67,172,0
3,159,1
33,127,1
21,202,1
14,72,1
19,123,1
1,161,1
52,37,0
75,206,1
61,15,0
107,46,0
70,9,0
12,96,1
13,45,1
126,38,0
56,137,1
23,69,1
76,36,0
124,42,0
211,111,0
35,8,0
78,4,0
85,48,1
98,7,0
40,33,0
67,3,0
172,27,0
159,74,0
55,21,0
202,14,0
161,19,0
1,52,1
37,123,1
15,107,1
206,61,0
46,75,1
12,70,1
9,127,1
38,39,1
45,126,1
69,76,1
36,56,1
137,23,1
42,111,1
8,124,1
211,35,0
13,72,1
80,96,1
159,37,0
78,37,0
12,1,0
33,14,1
35,40,1
27,39,0
85,55,0
75,38,0
159,78,0
56,46,0
137,172,0
123,161,1
15,61,0
9,36,1
19,23,0
52,70,0
42,76,0
45,48,0
149,111,0
96,67,0
74,4,0
21,8,0
7,13,1
37,3,0
124,80,0
126,98,0
69,107,1
127,72,0
202,211,1
1,33,1
14,12,0
39,35,0
40,27,0
38,85,1
55,75,0
56,159,1
78,46,0
172,123,0
161,137,0
61,36,0
9,15,0
70,19,0
23,52,0
48,42,0
76,45,0
111,96,0
67,149,0
8,74,1
21,4,0
3,13,1
37,7,0
98,80,0
124,126,0
107,127,1
72,69,0
211,206,0
23,46,1
124,48,0
21,123,1
127,149,0
3,33,1
12,27,0
15,159,1
98,206,0
161,202,1
80,137,0
36,75,1
7,1,0
56,211,1
14,13,0
4,38,1
35,37,0
74,52,1
85,39,0
61,70,0
45,55,0
42,76,0
19,40,0
72,96,1
69,78,1
1,14,1
33,12,0
98,124,1
80,126,1
123,137,0
172,161,0
206,202,0
61,9,0
36,15,0
4,8,1
74,21,0
13,37,1
3,7,0
19,52,1
70,23,0
42,45,1
76,48,0
40,39,0
35,27,0
55,38,0
75,85,1
107,72,0
127,69,0
78,56,0
46,159,1
111,67,0
149,96,0
12,14,0
33,1,1
126,124,0
80,98,0
137,161,0
123,172,1
206,211,0
15,9,0
36,61,1
74,8,0
4,21,0
7,37,1
13,3,0
19,70,1
52,23,0
42,48,1
45,76,0
35,39,0
27,40,0
75,55,1
85,38,0
69,72,0
127,107,0
46,78,0
159,56,0
149,67,0
96,111,1
67,78,1
8,14,1
85,202,1
21,37,1
3,75,0
12,48,1
46,124,1
15,127,1
149,123,1
98,23,0
161,206,1
80,111,0
9,1,0
36,33,1
7,172,1
52,96,1
211,137,0
56,126,0
27,13,0
39,74,1
70,45,0
40,42,0
72,69,0
4,55,1
159,35,0
7,3,0
37,13,1
12,33,1
14,1,0
126,80,0
124,98,1
161,172,1
137,123,0
211,202,0
9,61,1
15,36,1
8,4,1
21,74,1
23,70,1
52,19,1
45,42,1
48,76,1
27,35,1
39,40,0
38,55,1
85,75,0
69,127,1
72,107,0
56,78,1
159,46,0
67,111,1
96,149,1
13,7,0
3,37,1
1,12,1
14,33,1
98,126,0
80,124,1
172,137,0
161,123,0
202,206,0
61,15,0
36,9,0
4,74,1
8,21,1
70,52,0
23,19,0
48,45,1
76,42,1
39,27,1
40,35,1
55,85,0
38,75,1
107,69,1
72,127,0
78,159,1
46,56,0
67,96,1
111,149,0
78,149,1
7,126,1
40,55,1
3,33,0
75,61,0
8,38,1
127,48,0
27,9,1
202,19,0
137,80,0
161,35,0
56,13,1
124,45,0
1,46,0
37,72,1
85,14,0
15,70,1
76,21,0
42,23,0
159,123,0
4,211,1
172,67,0
39,36,0
12,74,1
206,107,0
52,69,1
55,98,0
40,7,0
96,127,1
48,8,0
80,202,1
9,137,1
19,27,0
35,56,1
13,124,1
45,161,0
72,1,0
78,37,0
14,149,1
85,15,0
111,3,0
33,75,0
21,159,1
23,123,1
76,42,0
67,4,0
36,172,1
211,39,0
107,74,1
69,206,1
52,12,0
126,40,0
98,7,0
38,48,1
8,96,1
202,9,0
80,19,0
27,137,0
124,56,1
13,161,1
45,35,1
37,127,1
14,75,1
1,78,1
46,72,0
70,85,0
149,15,0
61,3,0
33,111,0
42,123,1
23,21,0
159,76,0
4,36,1
172,39,0
211,67,0
107,52,1
12,69,0
206,74,0
27,126,1
15,211,1
37,75,1
161,70,0
13,107,0
78,211,1
69,56,0
36,35,0
45,85,0
149,127,0
96,126,0
61,80,0
4,23,1
3,38,1
12,21,0
9,42,0
19,98,1
52,72,0
172,55,0
8,46,0
14,206,1
27,159,1
33,70,1
123,74,0
75,127,0
39,124,1
15,48,1
78,161,1
69,111,1
56,202,1
1,7,0
137,149,1
80,76,0
35,85,1
37,107,1
38,67,0
23,45,0
8,13,1
21,61,1
4,52,1
98,42,0
159,126,1
9,72,1
19,46,0
172,202,0
123,206,1
12,137,1
33,124,1
48,67,1
3,85,1
39,55,0
36,74,0
1,149,1
7,76,1
127,137,1
15,27,1
38,14,0
21,75,0
35,8,0
23,69,1
9,33,1
4,13,1
42,48,0
36,45,0
1,37,0
39,7,0
12,3,0
27,38,0
15,14,1
35,75,1
21,8,0
33,69,1
9,23,1
13,48,0
4,42,0
37,45,1
1,36,0
39,3,0
12,7,1
15,38,1
14,27,1
21,35,1
75,8,0
9,69,1
33,23,0
42,13,0
4,48,1
1,45,1
37,36,1
12,39,0
7,3,0
15,23,1
38,21,0
9,48,0
8,7,1
13,1,0
3,14,0
4,12,1
37,33,0
14,1,0
8,15,0
48,21,0
33,4,0
15,1,0
4,21,1
4,15,0
75,38,0
14,46,1
7,55,1
98,126,1
111,33,0
3,61,0
123,76,0
21,42,1
159,23,0
19,9,0
137,202,1
27,80,0
161,124,1
56,45,0
35,13,0
72,78,0
37,1,1
15,85,0
149,70,0
48,96,1
127,8,0
172,211,1
39,4,0
36,67,1
74,52,0
206,12,0
69,107,0
55,126,0
40,98,1
75,111,1
33,3,0
123,21,0
42,159,1
76,23,1
137,19,0
202,27,0
9,80,1
56,161,1
124,35,0
45,13,0
127,70,0
78,46,0
1,72,1
85,149,1
14,15,0
96,38,0
8,48,1
4,172,1
67,39,1
211,36,0
74,69,0
12,107,1
52,206,1
55,40,0
126,7,0
61,111,0
3,75,1
123,159,1
23,42,0
21,76,1
80,137,0
9,27,1
19,202,1
13,56,1
45,124,1
35,161,1
85,72,1
48,33,0
78,1,0
46,37,1
70,14,0
15,149,1
38,127,0
96,8,0
67,211,1
39,172,1
36,4,0
74,12,0
107,206,0
69,52,0
15,1,0
8,3,0
48,38,0
127,96,1
202,80,0
137,9,0
27,19,0
161,56,0
124,13,0
35,45,1
74,107,0
12,52,1
206,69,0
126,55,0
98,40,0
37,78,1
72,46,0
149,85,1
14,70,1
75,33,0
111,61,0
42,76,1
123,23,0
159,21,0
172,4,0
39,67,0
36,211,1
15,8,1
1,3,0
96,48,0
127,38,0
9,202,1
19,80,1
137,27,0
124,161,0
13,45,0
56,35,0
74,206,1
69,12,0
52,107,1
7,98,1
40,126,1
78,72,0
37,46,1
85,70,1
149,14,0
111,75,0
33,61,0
123,42,0
21,23,1
76,159,1
4,39,0
67,36,0
211,172,0
33,85,0
55,7,0
126,98,0
72,37,1
46,1,0
35,124,1
161,13,0
45,56,0
12,206,1
107,69,0
52,74,0
70,149,1
15,14,0
159,42,0
21,123,1
23,76,1
4,67,1
172,36,0
39,211,1
61,75,0
3,111,1
38,96,1
8,127,1
19,137,0
27,202,1
80,9,0
7,40,0
98,55,0
1,37,1
46,78,0
13,35,1
161,45,0
56,124,1
206,52,0
69,74,1
107,12,0
70,15,0
14,85,1
42,21,1
23,159,1
76,123,1
67,172,1
36,39,0
211,4,0
61,33,0
75,3,0
38,8,0
48,127,1
202,137,0
80,27,0
9,19,1
15,69,0
7,27,1
37,48,1
38,23,1
107,80,1
39,40,0
42,36,0
127,124,0
159,111,0
61,72,0
98,70,0
161,126,1
19,45,1
52,46,0
211,149,0
13,56,0
4,14,1
75,74,0
12,76,1
202,123,0
9,21,1
55,8,0
1,67,1
80,46,1
36,37,1
7,69,1
67,72,0
23,42,0
126,137,0
61,98,1
13,85,1
21,40,1
123,206,1
75,45,0
76,52,0
9,12,0
70,39,0
19,107,1
55,149,1
1,74,1
14,78,0
27,15,0
38,48,0
124,127,1
111,159,0
42,33,0
36,38,1
48,14,1
1,7,0
76,74,0
40,19,0
56,37,0
70,46,0
124,78,0
72,202,1
85,69,0
127,211,1
13,23,0
3,21,0
8,9,0
111,126,1
96,45,0
206,159,0
137,172,1
39,4,1
15,12,0
107,55,1
75,61,0
80,52,1
149,98,0
27,123,1
38,33,1
7,14,1
48,1,0
40,56,1
37,19,0
124,70,0
78,46,0
202,69,0
85,72,0
211,161,0
23,21,0
13,3,0
74,67,0
96,126,0
45,111,0
137,206,1
172,159,0
12,4,0
15,39,1
75,80,1
61,52,1
123,98,0
149,27,0
38,9,0
8,36,1
55,33,0
42,107,1
7,48,1
14,1,0
19,56,0
37,40,0
78,70,1
46,124,1
202,85,0
69,72,0
161,127,0
211,74,0
23,3,0
21,13,0
67,76,0
126,45,0
96,111,0
159,137,0
172,206,1
4,15,0
39,12,0
38,8,0
9,36,0
33,107,1
55,42,1
80,61,0
52,75,1
123,149,1
98,27,0
1,48,1
14,7,1
19,37,1
56,40,0
70,124,0
46,78,1
69,202,1
72,85,0
161,211,1
21,23,1
3,13,0
74,76,0
126,96,1
111,45,1
67,127,0
4,39,0
12,15,1
9,38,1
36,8,0
107,42,0
33,55,0
61,75,1
52,80,0
98,123,0
27,149,1
159,172,1
206,137,0
42,33,1
13,21,1
3,23,1
8,38,1
36,9,0
149,123,0
27,98,0
111,96,1
45,126,0
137,159,0
206,172,0
12,39,0
15,4,1
61,80,1
75,52,0
72,69,1
85,202,1
127,161,1
48,7,0
1,14,0
107,33,0
42,55,1
76,67,1
56,19,1
40,37,1
70,78,1
124,46,1
23,13,0
21,3,1
38,36,0
9,8,1
123,27,1
98,149,1
45,96,0
126,111,1
172,137,0
159,206,1
4,12,0
39,15,0
80,75,0
52,61,1
202,72,0
69,85,0
211,127,0
161,76,1
7,1,0
14,48,1
55,107,1
33,42,0
67,74,0
19,40,0
37,56,0
78,124,1
46,70,1
67,15,0
172,23,0
124,85,0
48,123,1
202,206,1
78,107,0
159,126,0
27,42,1
149,74,0
137,127,0
98,39,0
161,46,0
80,45,0
69,75,0
55,19,0
52,56,0
67,107,1
202,172,1
78,123,0
27,48,1
127,149,1
137,74,0
23,15,1
39,46,1
76,124,0
98,85,0
161,55,0
159,52,0
69,126,0
19,75,0
56,80,1
3,21,1
1,12,0
38,4,0
13,8,0
40,14,0
3,36,1
7,14,1
4,3,0
74,127,0
37,75,1
75,127,0
37,74,1
55,137,1
39,127,1
15,4,0
69,161,1
21,75,1
211,70,0
111,56,0
7,206,1
61,74,1
45,98,0
202,46,0
3,9,1
48,36,1
159,123,0
23,126,1
37,8,0
85,80,0
40,149,1
42,124,1
1,19,1
13,38,0
107,27,0
96,14,0
76,78,0
172,52,0
4,33,1
161,15,0
56,211,1
111,21,1
70,75,0
206,74,0
98,7,0
45,61,1
46,149,0
69,123,1
55,3,0
9,202,1
36,67,1
159,48,0
23,127,1
37,126,1
39,85,1
80,40,0
107,124,0
12,8,0
42,1,1
72,19,0
38,137,1
27,13,0
78,172,0
14,76,1
52,96,1
98,161,0
12,33,0
9,13,0
1,15,1
36,12,1
202,3,0
46,55,1
161,4,0
69,33,0
38,107,0
137,27,0
75,56,1
21,70,1
211,111,0
172,14,0
96,76,0
78,52,0
19,42,0
124,72,0
123,48,0
67,159,1
126,127,0
8,23,0
149,85,0
80,39,0
98,206,1
74,45,0
7,61,1
9,15,0
13,1,0
55,202,1
3,46,1
33,161,1
4,69,1
107,137,1
27,38,1
75,211,1
70,111,0
56,21,0
96,78,1
14,52,0
76,172,1
80,48,0
42,72,1
19,124,1
123,67,0
159,36,1
23,37,1
127,8,0
39,149,1
85,40,0
74,7,0
61,98,0
206,45,0
161,202,1
23,159,0
3,55,1
9,46,1
48,67,0
36,123,1
40,39,0
149,80,0
111,75,0
21,211,1
56,70,1
72,1,0
124,42,0
13,137,1
27,107,0
61,206,1
98,74,1
45,7,0
33,4,0
69,15,0
126,8,0
127,37,0
172,96,0
78,14,0
52,76,0
39,48,0
55,9,0
46,202,1
123,159,0
67,36,1
80,85,1
149,40,0
75,21,0
111,70,1
211,56,0
107,13,0
137,38,0
74,61,1
7,98,1
45,206,1
12,3,1
42,4,0
19,72,1
1,124,1
15,33,1
161,69,0
8,127,1
37,23,0
14,172,1
76,96,1
52,78,1
38,202,1
37,159,1
1,42,1
124,19,0
137,107,1
13,27,0
123,36,0
67,48,1
172,78,0
96,52,0
55,46,0
9,3,0
127,126,0
23,8,0
74,98,0
7,45,1
206,61,0
33,69,1
15,161,1
85,149,0
39,40,1
70,211,1
56,75,1
21,111,1
72,124,1
19,1,0
38,13,1
27,137,1
48,123,1
36,159,0
14,96,0
52,172,1
202,55,0
46,9,0
126,23,0
8,37,0
74,206,1
61,7,0
98,45,0
67,85,1
3,42,1
69,107,1
4,15,1
161,33,0
40,80,1
149,39,0
75,111,0
70,56,0
211,21,0
78,76,1
8,40,1
76,14,0
19,123,1
124,1,0
72,42,0
127,23,0
126,37,1
85,39,0
80,149,1
206,7,0
98,61,1
45,74,1
4,161,1
15,69,1
159,67,0
36,48,0
75,70,1
21,56,1
111,211,1
12,27,0
3,202,1
9,55,1
107,38,0
137,13,0
96,172,1
14,78,0
76,52,0
124,149,1
42,19,0
1,72,1
8,126,1
37,127,1
39,80,1
40,85,0
7,74,1
61,45,0
206,98,0
69,4,0
33,15,0
67,123,0
48,159,1
70,21,1
211,75,0
56,111,1
23,12,1
36,137,1
202,9,0
46,3,0
38,27,0
13,107,1
172,76,0
78,96,0
52,14,1
37,127,1
202,149,0
36,127,1
38,75,1
76,74,0
61,33,0
72,98,1
46,111,1
124,137,0
161,56,0
80,96,1
7,37,1
107,78,0
39,27,1
206,123,0
9,42,1
69,159,0
19,48,0
52,70,0
21,14,0
3,12,0
55,8,0
45,23,0
126,85,0
124,40,0
80,69,1
37,67,1
149,202,1
38,36,0
33,74,1
72,46,0
23,27,1
48,107,1
21,123,1
4,8,0
12,9,1
39,78,1
137,206,0
161,96,0
19,45,0
55,14,0
42,70,0
56,7,1
75,127,1
67,206,1
13,69,1
4,61,1
12,33,0
202,42,0
23,40,1
15,27,0
7,75,1
55,39,1
52,85,0
56,107,1
14,127,1
8,80,1
21,37,1
3,98,1
19,78,1
211,45,0
1,172,1
202,38,0
67,126,1
107,111,1
96,35,0
48,161,1
4,74,0
12,46,1
36,33,1
52,206,0
42,75,0
137,149,0
127,123,1
8,98,1
21,19,1
39,76,1
159,124,1
7,13,0
56,85,0
1,70,1
37,40,0
14,23,0
15,61,1
80,72,0
45,38,1
48,69,1
9,74,1
36,27,1
137,123,1
149,127,0
172,70,0
126,111,1
46,161,1
76,96,1
159,33,0
7,55,1
211,124,0
12,42,1
39,14,0
1,13,1
15,67,1
56,21,0
40,4,0
36,9,0
23,3,0
52,33,1
8,45,0
27,72,1
7,48,1
12,39,1
42,14,0
13,67,0
1,15,1
56,40,0
21,4,0
36,23,0
9,3,0
45,33,0
8,52,1
72,48,0
27,7,0
12,14,0
42,39,0
67,1,0
13,15,0
4,56,0
21,40,0
9,23,0
3,36,0
45,52,0
33,8,0
72,7,1
48,27,0
14,15,1
12,21,1
4,45,1
1,72,1
3,8,1
7,56,0
52,9,0
23,27,0
12,1,0
7,3,0
4,14,0
9,27,1
1,3,1
9,4,0
1,4,1
202,172,1
7,13,1
42,36,0
21,14,1
40,1,0
126,37,0
127,45,0
70,98,1
96,85,0
211,206,1
8,76,1
3,15,0
111,19,0
56,23,0
74,80,1
38,27,0
78,52,0
149,124,0
12,39,1
9,61,1
72,48,1
33,67,0
55,4,0
46,75,1
123,69,0
107,137,1
159,161,1
7,42,1
13,36,1
21,40,1
14,1,0
45,126,1
37,127,1
98,96,0
85,70,1
202,206,0
3,8,1
76,15,0
19,23,1
56,111,1
80,38,0
27,74,1
124,78,0
52,149,1
159,211,1
39,61,0
9,12,0
67,72,0
48,33,1
4,75,1
55,46,0
137,123,1
69,107,1
172,161,0
76,3,0
15,8,0
4,46,0
75,55,0
23,111,1
19,56,1
137,69,0
123,107,0
202,211,1
159,172,1
61,12,0
39,9,0
48,67,1
33,72,1
74,38,0
27,80,1
127,126,1
45,37,0
13,42,1
36,7,0
40,14,1
1,21,1
149,78,0
124,52,0
85,98,0
96,70,0
172,211,1
75,4,0
46,55,1
111,56,0
23,19,1
123,137,0
107,69,0
206,202,0
161,159,1
8,3,0
15,76,1
61,39,0
12,9,1
72,67,0
33,48,0
74,27,0
38,80,1
126,45,0
127,37,0
42,7,0
36,13,0
1,40,1
14,21,0
78,124,1
149,52,0
70,85,1
96,98,0
8,15,0
3,76,0
55,75,1
46,4,0
111,23,0
56,19,0
69,137,1
107,123,0
161,206,1
7,36,1
42,13,1
21,1,0
14,40,0
124,149,1
52,78,0
70,96,1
98,85,0
211,202,0
12,61,1
9,39,1
67,48,0
72,33,0
80,74,0
27,38,0
126,127,0
37,45,1
172,159,0
76,8,1
15,3,0
4,55,1
75,46,0
19,111,1
23,56,0
69,123,1
137,107,0
13,7,0
36,42,0
40,21,0
1,14,1
78,149,1
52,124,1
98,70,0
85,96,0
206,211,0
61,9,0
39,12,0
67,33,0
48,72,1
38,74,1
80,27,1
45,127,1
37,126,1
161,172,0
202,159,0
13,3,1
21,7,1
15,12,0
9,1,0
23,40,0
46,42,0
27,39,1
33,8,1
107,72,0
85,55,0
78,74,1
45,56,0
70,14,0
161,75,0
36,149,1
124,211,1
52,61,0
4,67,1
172,137,0
98,37,1
159,19,0
76,127,1
206,69,0
38,111,1
80,202,1
48,123,1
3,13,1
12,15,0
7,21,1
1,9,0
8,33,1
39,27,0
42,46,0
40,23,1
72,107,1
74,78,0
55,85,1
56,45,1
149,75,0
36,161,1
61,124,1
211,52,0
4,137,1
67,172,1
126,96,0
37,70,1
14,98,1
159,127,0
76,19,0
206,111,0
69,38,0
202,48,0
80,123,1
12,7,0
1,3,1
96,111,1
72,123,1
85,124,0
39,37,0
78,107,1
98,56,0
36,159,1
42,74,0
19,15,1
127,76,0
38,206,1
69,8,0
48,80,1
202,13,0
21,70,1
46,45,1
137,126,0
161,149,0
75,9,0
61,211,1
23,52,1
172,4,0
67,40,0
12,3,0
7,1,0
206,42,0
80,107,0
15,159,1
127,19,0
111,69,0
8,38,1
123,202,1
13,48,1
126,39,0
21,149,1
46,85,1
76,45,1
98,55,0
70,74,1
56,61,1
9,161,1
75,36,1
211,23,0
52,124,1
40,172,1
137,67,0
96,35,0
202,67,0
19,75,1
98,70,0
45,12,1
72,27,0
85,1,0
149,161,0
9,36,0
111,38,0
206,8,0
56,37,0
14,78,1
21,42,0
46,96,1
74,126,1
33,3,0
15,127,1
159,76,0
123,13,0
80,48,0
55,39,0
107,7,0
23,124,1
211,61,0
137,40,0
4,172,1
12,70,1
98,45,0
72,85,1
27,1,0
149,9,0
36,75,1
69,206,1
8,111,1
78,37,1
14,56,1
96,42,0
46,21,0
76,15,0
13,80,1
202,123,0
127,172,0
161,211,1
126,33,0
3,74,1
107,55,1
39,7,0
61,23,0
124,52,0
19,159,1
67,137,1
40,4,0
4,38,1
52,159,1
42,46,1
96,21,0
161,9,0
75,149,1
23,211,1
124,61,0
123,80,1
48,13,0
70,45,1
12,98,1
78,56,0
37,14,0
74,33,0
3,126,1
111,206,1
8,69,0
1,72,1
85,27,0
39,107,1
7,55,1
19,76,1
127,15,0
137,172,0
40,67,0
161,61,0
42,96,1
21,46,1
9,75,1
149,36,0
211,124,0
52,23,1
123,48,1
13,202,1
80,206,1
70,12,0
45,98,1
56,14,0
37,78,0
74,3,0
33,126,1
38,8,0
69,111,0
1,85,1
27,72,1
7,39,0
55,107,1
127,159,0
15,76,1
172,40,0
137,4,0
48,211,1
149,76,0
69,137,0
3,33,1
126,74,0
55,7,1
107,39,0
19,127,1
159,15,0
4,40,1
172,67,0
98,12,0
45,70,1
75,161,0
36,9,0
13,123,1
202,80,0
56,78,0
14,37,1
21,96,0
46,42,1
27,85,1
72,1,0
124,23,0
61,52,1
206,38,0
111,8,0
33,74,1
126,3,0
7,107,1
39,55,0
159,76,0
15,19,0
67,4,0
40,137,1
75,172,1
70,98,1
12,45,1
161,36,0
9,149,1
48,202,1
80,13,0
124,127,0
123,111,1
78,14,0
37,56,0
42,21,1
96,46,0
1,27,0
85,72,1
23,61,0
52,211,1
38,69,1
8,206,1
124,96,0
72,76,0
159,149,0
15,70,1
38,61,0
36,67,1
33,37,0
45,78,0
27,52,1
48,55,0
21,69,1
80,172,1
9,19,1
1,40,1
14,12,0
39,56,1
211,123,0
107,96,0
149,72,0
124,159,1
39,46,0
80,56,0
19,14,0
55,69,0
211,172,0
45,52,1
33,67,1
38,70,0
61,15,0
37,36,1
78,27,0
48,21,0
61,69,0
48,78,1
12,75,1
36,33,0
85,80,0
19,37,1
45,161,1
27,69,1
13,8,0
72,52,0
67,76,0
98,15,0
172,206,1
56,124,0
37,46,0
126,161,0
39,75,1
159,85,0
45,80,0
67,98,0
107,111,0
52,38,1
149,137,0
127,123,1
13,56,1
46,15,0
78,172,1
206,124,0
21,33,1
3,70,1
107,159,0
126,211,1
39,111,1
137,123,0
127,149,1
4,13,1
14,61,1
9,37,1
19,3,0
3,37,1
1,23,1
7,13,1
7,1,0
1,8,1
19,4,0
3,1,0
3,4,0
